,model_type,n_width,n_layers,l2_relative,time_fit,xlim_min,xlim_max,n_dim,n_points_train,n_points_test,random_seed
0,sampling,64,1,6.729492336967889e-11,0.03904318809509277,-1,1,1,10000,10000,1
1,sampling,64,1,3.691014714238442e-12,0.027170658111572266,-1,1,1,10000,10000,2
2,sampling,64,1,2.8200632141612544e-10,0.027264118194580078,-1,1,1,10000,10000,3
3,sampling,64,1,1.035488969042494e-11,0.027643442153930664,-1,1,1,10000,10000,4
4,sampling,64,1,5.2596334490860066e-11,0.027601242065429688,-1,1,1,10000,10000,5
5,sampling,101,1,7.360457277611588e-11,0.048029184341430664,-1,1,1,10000,10000,1
6,sampling,101,1,4.9563988034145736e-12,0.04516434669494629,-1,1,1,10000,10000,2
7,sampling,101,1,1.373360751251607e-11,0.045102596282958984,-1,1,1,10000,10000,3
8,sampling,101,1,1.8353046128301508e-12,0.04582643508911133,-1,1,1,10000,10000,4
9,sampling,101,1,1.0218214882448142e-11,0.04485440254211426,-1,1,1,10000,10000,5
10,sampling,161,1,2.1473939937731967e-11,0.07712364196777344,-1,1,1,10000,10000,1
11,sampling,161,1,5.0915290643965374e-12,0.07427430152893066,-1,1,1,10000,10000,2
12,sampling,161,1,1.7727639757701913e-11,0.07412123680114746,-1,1,1,10000,10000,3
13,sampling,161,1,6.566479611049108e-11,0.0751047134399414,-1,1,1,10000,10000,4
14,sampling,161,1,2.6712644433960503e-12,0.0760035514831543,-1,1,1,10000,10000,5
15,sampling,256,1,3.1457181106755164e-12,0.1251680850982666,-1,1,1,10000,10000,1
16,sampling,256,1,6.755786467193354e-12,0.12029242515563965,-1,1,1,10000,10000,2
17,sampling,256,1,5.118416191231293e-12,0.1207418441772461,-1,1,1,10000,10000,3
18,sampling,256,1,6.946556601258522e-11,0.12089347839355469,-1,1,1,10000,10000,4
19,sampling,256,1,2.6342348466783736e-12,0.12039852142333984,-1,1,1,10000,10000,5
20,sampling,406,1,3.1748412885211365e-12,0.19671249389648438,-1,1,1,10000,10000,1
21,sampling,406,1,3.916487034695865e-12,0.19263339042663574,-1,1,1,10000,10000,2
22,sampling,406,1,9.579599796136904e-12,0.19283080101013184,-1,1,1,10000,10000,3
23,sampling,406,1,2.0933462485023347e-11,0.19263052940368652,-1,1,1,10000,10000,4
24,sampling,406,1,2.1291053116651794e-11,0.19147658348083496,-1,1,1,10000,10000,5
25,sampling,645,1,5.290435173494427e-12,0.3295121192932129,-1,1,1,10000,10000,1
26,sampling,645,1,4.26864800637545e-11,0.3288538455963135,-1,1,1,10000,10000,2
27,sampling,645,1,8.714291335418871e-12,0.3289642333984375,-1,1,1,10000,10000,3
28,sampling,645,1,1.0036682558096018e-11,0.3288726806640625,-1,1,1,10000,10000,4
29,sampling,645,1,1.509914666469857e-11,0.328549861907959,-1,1,1,10000,10000,5
30,sampling,1024,1,1.3149291018973926e-12,0.6442067623138428,-1,1,1,10000,10000,1
31,sampling,1024,1,2.1681705818535097e-11,0.6454668045043945,-1,1,1,10000,10000,2
32,sampling,1024,1,2.422713010768241e-11,0.6410017013549805,-1,1,1,10000,10000,3
33,sampling,1024,1,2.578234277337525e-11,0.6429276466369629,-1,1,1,10000,10000,4
34,sampling,1024,1,2.484674739008651e-11,0.6404204368591309,-1,1,1,10000,10000,5
35,sampling,1625,1,4.109325778600892e-12,1.443694829940796,-1,1,1,10000,10000,1
36,sampling,1625,1,1.0199177917040874e-11,1.4384710788726807,-1,1,1,10000,10000,2
37,sampling,1625,1,1.0510717065835667e-11,1.890812635421753,-1,1,1,10000,10000,3
38,sampling,1625,1,3.2856120054758354e-11,1.440065860748291,-1,1,1,10000,10000,4
39,sampling,1625,1,4.8165734195960544e-12,1.4296939373016357,-1,1,1,10000,10000,5
40,sampling,2580,1,1.8509524551774985e-11,5.16173791885376,-1,1,1,10000,10000,1
41,sampling,2580,1,5.123775041157902e-12,4.90203332901001,-1,1,1,10000,10000,2
42,sampling,2580,1,3.4144101228066824e-12,4.913172245025635,-1,1,1,10000,10000,3
43,sampling,2580,1,4.445143615806732e-12,4.904545307159424,-1,1,1,10000,10000,4
44,sampling,2580,1,8.795876208003067e-12,4.916742324829102,-1,1,1,10000,10000,5
45,sampling,4096,1,1.4013834995962951e-12,17.440743684768677,-1,1,1,10000,10000,1
46,sampling,4096,1,6.855998873563686e-12,18.817570447921753,-1,1,1,10000,10000,2
47,sampling,4096,1,3.1674734963688125e-12,23.07715630531311,-1,1,1,10000,10000,3
48,sampling,4096,1,1.1741888489587023e-11,17.46636152267456,-1,1,1,10000,10000,4
49,sampling,4096,1,2.5411667380473822e-12,17.43619465827942,-1,1,1,10000,10000,5
50,sampling,64,2,1.1383242707152701e-05,0.04856157302856445,-1,1,1,10000,10000,1
51,sampling,64,2,0.00016174904206941312,0.04349994659423828,-1,1,1,10000,10000,2
52,sampling,64,2,0.0004451454355053399,0.04399752616882324,-1,1,1,10000,10000,3
53,sampling,64,2,0.0008585605679472599,0.04418492317199707,-1,1,1,10000,10000,4
54,sampling,64,2,0.0005447927296911227,0.04903221130371094,-1,1,1,10000,10000,5
55,sampling,101,2,0.0002706621686478704,0.08342146873474121,-1,1,1,10000,10000,1
56,sampling,101,2,2.030402245124883e-05,0.08440685272216797,-1,1,1,10000,10000,2
57,sampling,101,2,0.0001870117723431876,0.08438706398010254,-1,1,1,10000,10000,3
58,sampling,101,2,0.0002905563067952087,0.08487534523010254,-1,1,1,10000,10000,4
59,sampling,101,2,0.0006942851018256936,0.08883476257324219,-1,1,1,10000,10000,5
60,sampling,161,2,0.0003396302104046506,0.13683605194091797,-1,1,1,10000,10000,1
61,sampling,161,2,1.919059982891192e-06,0.13698744773864746,-1,1,1,10000,10000,2
62,sampling,161,2,7.77342445784468e-05,0.13651490211486816,-1,1,1,10000,10000,3
63,sampling,161,2,0.00015127011811340112,0.13914847373962402,-1,1,1,10000,10000,4
64,sampling,161,2,3.400767877418341e-05,0.1365647315979004,-1,1,1,10000,10000,5
65,sampling,256,2,7.40965890063673e-05,0.22829675674438477,-1,1,1,10000,10000,1
66,sampling,256,2,2.185827260702547e-07,0.2274160385131836,-1,1,1,10000,10000,2
67,sampling,256,2,4.679637228136465e-05,0.22077512741088867,-1,1,1,10000,10000,3
68,sampling,256,2,4.76273192408692e-05,0.22158145904541016,-1,1,1,10000,10000,4
69,sampling,256,2,7.198390329142559e-07,0.22024059295654297,-1,1,1,10000,10000,5
70,sampling,406,2,2.4740507867309676e-05,0.35423779487609863,-1,1,1,10000,10000,1
71,sampling,406,2,1.2662524049900924e-06,0.35489606857299805,-1,1,1,10000,10000,2
72,sampling,406,2,1.6109206101242702e-05,0.343048095703125,-1,1,1,10000,10000,3
73,sampling,406,2,1.5538480407609143e-05,0.3505070209503174,-1,1,1,10000,10000,4
74,sampling,406,2,4.112774860279223e-08,0.33918237686157227,-1,1,1,10000,10000,5
75,sampling,645,2,1.3961678051096362e-07,0.6158223152160645,-1,1,1,10000,10000,1
76,sampling,645,2,1.5549369782203257e-07,0.6299080848693848,-1,1,1,10000,10000,2
77,sampling,645,2,9.433896670455015e-07,0.6232278347015381,-1,1,1,10000,10000,3
78,sampling,645,2,7.453141819468362e-07,0.6229581832885742,-1,1,1,10000,10000,4
79,sampling,645,2,4.7395065166693384e-08,0.6174795627593994,-1,1,1,10000,10000,5
80,sampling,1024,2,5.019664963244839e-08,1.1149611473083496,-1,1,1,10000,10000,1
81,sampling,1024,2,8.834730790079457e-08,1.1123836040496826,-1,1,1,10000,10000,2
82,sampling,1024,2,1.1255831074197644e-07,1.1193952560424805,-1,1,1,10000,10000,3
83,sampling,1024,2,1.0591040572119462e-07,1.1108453273773193,-1,1,1,10000,10000,4
84,sampling,1024,2,5.589166908099466e-08,1.108238697052002,-1,1,1,10000,10000,5
85,sampling,1625,2,4.191381924418171e-08,2.2613587379455566,-1,1,1,10000,10000,1
86,sampling,1625,2,1.0059570267351589e-08,2.2578883171081543,-1,1,1,10000,10000,2
87,sampling,1625,2,1.9922179274868126e-08,2.2526183128356934,-1,1,1,10000,10000,3
88,sampling,1625,2,2.12528208235293e-08,2.270334243774414,-1,1,1,10000,10000,4
89,sampling,1625,2,1.7021084423909918e-08,2.2459943294525146,-1,1,1,10000,10000,5
90,sampling,2580,2,1.2355645471828357e-08,6.246933698654175,-1,1,1,10000,10000,1
91,sampling,2580,2,2.7495751683361263e-09,6.207102298736572,-1,1,1,10000,10000,2
92,sampling,2580,2,7.702536244530026e-09,6.2328948974609375,-1,1,1,10000,10000,3
93,sampling,2580,2,6.416899194833858e-09,6.187964916229248,-1,1,1,10000,10000,4
94,sampling,2580,2,8.382223328843813e-09,6.265643358230591,-1,1,1,10000,10000,5
95,sampling,4096,2,5.759432074012923e-09,19.920547008514404,-1,1,1,10000,10000,1
96,sampling,4096,2,2.8023255780007193e-09,19.87371563911438,-1,1,1,10000,10000,2
97,sampling,4096,2,7.268966485457095e-09,19.907320261001587,-1,1,1,10000,10000,3
98,sampling,4096,2,4.537203327696555e-09,19.827507972717285,-1,1,1,10000,10000,4
99,sampling,4096,2,3.858277971939564e-09,19.903693437576294,-1,1,1,10000,10000,5
100,sampling,64,3,0.025921618882544347,0.06861615180969238,-1,1,1,10000,10000,1
101,sampling,64,3,0.0021356378085088455,0.06926083564758301,-1,1,1,10000,10000,2
102,sampling,64,3,0.03328141679929412,0.07949280738830566,-1,1,1,10000,10000,3
103,sampling,64,3,0.0023815915918239004,0.0796518325805664,-1,1,1,10000,10000,4
104,sampling,64,3,0.04130397478035534,0.08409738540649414,-1,1,1,10000,10000,5
105,sampling,101,3,0.000997117126384139,0.12829995155334473,-1,1,1,10000,10000,1
106,sampling,101,3,0.00011956933974176092,0.13976836204528809,-1,1,1,10000,10000,2
107,sampling,101,3,0.002558834034785668,0.1269526481628418,-1,1,1,10000,10000,3
108,sampling,101,3,0.0003446472734381087,0.1283266544342041,-1,1,1,10000,10000,4
109,sampling,101,3,0.001583999575326475,0.12832927703857422,-1,1,1,10000,10000,5
110,sampling,161,3,0.00010379650833153432,0.2128276824951172,-1,1,1,10000,10000,1
111,sampling,161,3,3.5914856829902627e-07,0.20725703239440918,-1,1,1,10000,10000,2
112,sampling,161,3,4.326312740721558e-05,0.21383261680603027,-1,1,1,10000,10000,3
113,sampling,161,3,2.7946883268767923e-05,0.20623469352722168,-1,1,1,10000,10000,4
114,sampling,161,3,7.1757580555823665e-06,0.20833563804626465,-1,1,1,10000,10000,5
115,sampling,256,3,4.358328749112178e-06,0.33330273628234863,-1,1,1,10000,10000,1
116,sampling,256,3,8.285909718315332e-09,0.32717132568359375,-1,1,1,10000,10000,2
117,sampling,256,3,5.500335788194522e-06,0.3276336193084717,-1,1,1,10000,10000,3
118,sampling,256,3,1.3319278789262352e-05,0.3265542984008789,-1,1,1,10000,10000,4
119,sampling,256,3,1.1579858655197297e-07,0.3300173282623291,-1,1,1,10000,10000,5
120,sampling,406,3,1.6632349727379368e-06,0.49881458282470703,-1,1,1,10000,10000,1
121,sampling,406,3,9.748261597297971e-07,0.49195241928100586,-1,1,1,10000,10000,2
122,sampling,406,3,3.0804060145750335e-06,0.4941086769104004,-1,1,1,10000,10000,3
123,sampling,406,3,1.9106863816396075e-06,0.49368977546691895,-1,1,1,10000,10000,4
124,sampling,406,3,3.856776714233192e-08,0.49243593215942383,-1,1,1,10000,10000,5
125,sampling,645,3,2.890723529323134e-07,0.8923702239990234,-1,1,1,10000,10000,1
126,sampling,645,3,5.114843225140345e-07,0.8874304294586182,-1,1,1,10000,10000,2
127,sampling,645,3,6.323241651186952e-07,0.8932569026947021,-1,1,1,10000,10000,3
128,sampling,645,3,2.3863100313424985e-07,0.9077930450439453,-1,1,1,10000,10000,4
129,sampling,645,3,7.623447908473484e-08,0.8868496417999268,-1,1,1,10000,10000,5
130,sampling,1024,3,4.045494017692507e-07,1.5224931240081787,-1,1,1,10000,10000,1
131,sampling,1024,3,3.8522910975341306e-07,1.5430982112884521,-1,1,1,10000,10000,2
132,sampling,1024,3,2.7031169357629956e-07,1.533496618270874,-1,1,1,10000,10000,3
133,sampling,1024,3,1.8043440742476003e-07,1.536332368850708,-1,1,1,10000,10000,4
134,sampling,1024,3,2.4697292532329714e-07,1.5314736366271973,-1,1,1,10000,10000,5
135,sampling,1625,3,2.9411588365590577e-07,2.8605408668518066,-1,1,1,10000,10000,1
136,sampling,1625,3,1.8679170271982459e-07,2.8764994144439697,-1,1,1,10000,10000,2
137,sampling,1625,3,2.5060080271255395e-07,2.907280921936035,-1,1,1,10000,10000,3
138,sampling,1625,3,1.4014062828289133e-07,2.9227702617645264,-1,1,1,10000,10000,4
139,sampling,1625,3,1.2588422479008283e-07,2.8946421146392822,-1,1,1,10000,10000,5
140,sampling,2580,3,2.4097561025110195e-07,7.357234239578247,-1,1,1,10000,10000,1
141,sampling,2580,3,1.4847032544790424e-07,7.311933994293213,-1,1,1,10000,10000,2
142,sampling,2580,3,2.1923914586003137e-07,7.329850196838379,-1,1,1,10000,10000,3
143,sampling,2580,3,1.0697883037957869e-07,7.308485507965088,-1,1,1,10000,10000,4
144,sampling,2580,3,1.2586706459175627e-07,7.365254878997803,-1,1,1,10000,10000,5
145,sampling,4096,3,2.5293707641313007e-07,22.08201241493225,-1,1,1,10000,10000,1
146,sampling,4096,3,2.581091988827949e-07,22.025901556015015,-1,1,1,10000,10000,2
147,sampling,4096,3,2.545106360589998e-07,22.04069232940674,-1,1,1,10000,10000,3
148,sampling,4096,3,2.321189366220011e-07,22.06826949119568,-1,1,1,10000,10000,4
149,sampling,4096,3,2.4671439956663866e-07,22.104459285736084,-1,1,1,10000,10000,5
150,sampling,64,1,0.013474125973754884,0.025935649871826172,-1,1,2,10000,10000,1
151,sampling,64,1,0.013490516242527608,0.02640223503112793,-1,1,2,10000,10000,2
152,sampling,64,1,0.01336630144930875,0.026383161544799805,-1,1,2,10000,10000,3
153,sampling,64,1,0.01345620641441197,0.025782108306884766,-1,1,2,10000,10000,4
154,sampling,64,1,0.013532994236520983,0.026251792907714844,-1,1,2,10000,10000,5
155,sampling,101,1,0.01293020188617989,0.047493696212768555,-1,1,2,10000,10000,1
156,sampling,101,1,0.012321196661357321,0.04861140251159668,-1,1,2,10000,10000,2
157,sampling,101,1,0.010322032491404138,0.049121856689453125,-1,1,2,10000,10000,3
158,sampling,101,1,0.01159706273792041,0.04811263084411621,-1,1,2,10000,10000,4
159,sampling,101,1,0.010975225665953358,0.0486910343170166,-1,1,2,10000,10000,5
160,sampling,161,1,0.008106406992951374,0.07944154739379883,-1,1,2,10000,10000,1
161,sampling,161,1,0.009683593207337443,0.07689118385314941,-1,1,2,10000,10000,2
162,sampling,161,1,0.008321046278045755,0.07877731323242188,-1,1,2,10000,10000,3
163,sampling,161,1,0.009486470420305504,0.08144807815551758,-1,1,2,10000,10000,4
164,sampling,161,1,0.00910416247373217,0.07802104949951172,-1,1,2,10000,10000,5
165,sampling,256,1,0.007270686732750056,0.1335010528564453,-1,1,2,10000,10000,1
166,sampling,256,1,0.007323365907077393,0.12900161743164062,-1,1,2,10000,10000,2
167,sampling,256,1,0.007306253472038535,0.12946057319641113,-1,1,2,10000,10000,3
168,sampling,256,1,0.007352681813368345,0.12829136848449707,-1,1,2,10000,10000,4
169,sampling,256,1,0.007304237067539836,0.12926983833312988,-1,1,2,10000,10000,5
170,sampling,406,1,0.0065596221976431815,0.21258020401000977,-1,1,2,10000,10000,1
171,sampling,406,1,0.006902744069150377,0.20394015312194824,-1,1,2,10000,10000,2
172,sampling,406,1,0.007222374652784215,0.20445489883422852,-1,1,2,10000,10000,3
173,sampling,406,1,0.0071510906804713135,0.20381641387939453,-1,1,2,10000,10000,4
174,sampling,406,1,0.006869332651001449,0.20419979095458984,-1,1,2,10000,10000,5
175,sampling,645,1,0.004959793487125698,0.3452930450439453,-1,1,2,10000,10000,1
176,sampling,645,1,0.005478978234482018,0.3426845073699951,-1,1,2,10000,10000,2
177,sampling,645,1,0.005195350860634504,0.34189891815185547,-1,1,2,10000,10000,3
178,sampling,645,1,0.005453152920754548,0.3427450656890869,-1,1,2,10000,10000,4
179,sampling,645,1,0.005156765728285606,0.3621392250061035,-1,1,2,10000,10000,5
180,sampling,1024,1,0.004369686287852466,0.727750301361084,-1,1,2,10000,10000,1
181,sampling,1024,1,0.004673105204923222,0.725970983505249,-1,1,2,10000,10000,2
182,sampling,1024,1,0.0046388237253623755,0.7276871204376221,-1,1,2,10000,10000,3
183,sampling,1024,1,0.0046403747849972764,0.7276811599731445,-1,1,2,10000,10000,4
184,sampling,1024,1,0.004591520540463715,0.723416805267334,-1,1,2,10000,10000,5
185,sampling,1625,1,0.003546236714849003,1.5879898071289062,-1,1,2,10000,10000,1
186,sampling,1625,1,0.0038006751568095388,1.596149206161499,-1,1,2,10000,10000,2
187,sampling,1625,1,0.003821059472811035,1.6073007583618164,-1,1,2,10000,10000,3
188,sampling,1625,1,0.004322514020453869,1.589003086090088,-1,1,2,10000,10000,4
189,sampling,1625,1,0.0042833460088699555,1.5864238739013672,-1,1,2,10000,10000,5
190,sampling,2580,1,0.003030023245778248,5.0768163204193115,-1,1,2,10000,10000,1
191,sampling,2580,1,0.0031331784299859595,5.0892698764801025,-1,1,2,10000,10000,2
192,sampling,2580,1,0.0030460741231392407,5.078433275222778,-1,1,2,10000,10000,3
193,sampling,2580,1,0.002898486867683701,5.077987909317017,-1,1,2,10000,10000,4
194,sampling,2580,1,0.003024706739052067,5.07269549369812,-1,1,2,10000,10000,5
195,sampling,4096,1,0.001975802438102824,17.63578748703003,-1,1,2,10000,10000,1
196,sampling,4096,1,0.0021811734977330616,17.601568698883057,-1,1,2,10000,10000,2
197,sampling,4096,1,0.002120501075498465,17.595045804977417,-1,1,2,10000,10000,3
198,sampling,4096,1,0.0019184626719659396,17.598769426345825,-1,1,2,10000,10000,4
199,sampling,4096,1,0.0020361556950226484,17.59866762161255,-1,1,2,10000,10000,5
200,sampling,64,2,0.08151852680042587,0.048949241638183594,-1,1,2,10000,10000,1
201,sampling,64,2,0.07305820822365316,0.04835963249206543,-1,1,2,10000,10000,2
202,sampling,64,2,0.027037665416996124,0.04814910888671875,-1,1,2,10000,10000,3
203,sampling,64,2,0.025912671445328928,0.05694460868835449,-1,1,2,10000,10000,4
204,sampling,64,2,0.025659590015023322,0.05803203582763672,-1,1,2,10000,10000,5
205,sampling,101,2,0.029110120508266054,0.08473610877990723,-1,1,2,10000,10000,1
206,sampling,101,2,0.032498118850560344,0.08374166488647461,-1,1,2,10000,10000,2
207,sampling,101,2,0.011990556908563424,0.08885812759399414,-1,1,2,10000,10000,3
208,sampling,101,2,0.018739118866546847,0.09105563163757324,-1,1,2,10000,10000,4
209,sampling,101,2,0.013363613645600582,0.08935809135437012,-1,1,2,10000,10000,5
210,sampling,161,2,0.011761671667606608,0.13366174697875977,-1,1,2,10000,10000,1
211,sampling,161,2,0.005843717238732678,0.14023733139038086,-1,1,2,10000,10000,2
212,sampling,161,2,0.007875880493092954,0.13805580139160156,-1,1,2,10000,10000,3
213,sampling,161,2,0.007998473527090155,0.14377927780151367,-1,1,2,10000,10000,4
214,sampling,161,2,0.0060954856128903,0.13604235649108887,-1,1,2,10000,10000,5
215,sampling,256,2,0.004804937209033991,0.22621417045593262,-1,1,2,10000,10000,1
216,sampling,256,2,0.005088904372901825,0.22730541229248047,-1,1,2,10000,10000,2
217,sampling,256,2,0.005191405804349612,0.22098708152770996,-1,1,2,10000,10000,3
218,sampling,256,2,0.004794470301597764,0.22666049003601074,-1,1,2,10000,10000,4
219,sampling,256,2,0.0035310586220262913,0.22620415687561035,-1,1,2,10000,10000,5
220,sampling,406,2,0.0037999022379428165,0.3470942974090576,-1,1,2,10000,10000,1
221,sampling,406,2,0.0031054959932952757,0.3741281032562256,-1,1,2,10000,10000,2
222,sampling,406,2,0.00435583172181931,0.3385159969329834,-1,1,2,10000,10000,3
223,sampling,406,2,0.0030332700830854897,0.33885717391967773,-1,1,2,10000,10000,4
224,sampling,406,2,0.003251990117530519,0.336867094039917,-1,1,2,10000,10000,5
225,sampling,645,2,0.003344729118860155,0.6025900840759277,-1,1,2,10000,10000,1
226,sampling,645,2,0.0025950159254911715,0.6445982456207275,-1,1,2,10000,10000,2
227,sampling,645,2,0.0027978279955615313,0.6419644355773926,-1,1,2,10000,10000,3
228,sampling,645,2,0.002509749510980738,0.6445107460021973,-1,1,2,10000,10000,4
229,sampling,645,2,0.0026938081216767397,0.6443142890930176,-1,1,2,10000,10000,5
230,sampling,1024,2,0.0024559767727564863,1.1344032287597656,-1,1,2,10000,10000,1
231,sampling,1024,2,0.0012573926553050157,1.143402338027954,-1,1,2,10000,10000,2
232,sampling,1024,2,0.0009139222403551124,1.1292378902435303,-1,1,2,10000,10000,3
233,sampling,1024,2,0.0015700497284419795,1.1272034645080566,-1,1,2,10000,10000,4
234,sampling,1024,2,0.002001291515095872,1.1371688842773438,-1,1,2,10000,10000,5
235,sampling,1625,2,0.0010341075912824167,2.264432430267334,-1,1,2,10000,10000,1
236,sampling,1625,2,0.0009660733638020354,2.2860629558563232,-1,1,2,10000,10000,2
237,sampling,1625,2,0.0006354914758458673,2.2777223587036133,-1,1,2,10000,10000,3
238,sampling,1625,2,0.0011834650235763875,2.240999937057495,-1,1,2,10000,10000,4
239,sampling,1625,2,0.0019818183544364695,2.281647205352783,-1,1,2,10000,10000,5
240,sampling,2580,2,0.0006947881234048807,6.244196891784668,-1,1,2,10000,10000,1
241,sampling,2580,2,0.0006590388590712544,6.261208534240723,-1,1,2,10000,10000,2
242,sampling,2580,2,0.0003803219069181619,6.248823642730713,-1,1,2,10000,10000,3
243,sampling,2580,2,0.0006753445141278087,6.241513013839722,-1,1,2,10000,10000,4
244,sampling,2580,2,0.0006785703875424102,6.2658843994140625,-1,1,2,10000,10000,5
245,sampling,4096,2,0.00028757844459846,20.007929801940918,-1,1,2,10000,10000,1
246,sampling,4096,2,0.00038759484325742065,19.933769702911377,-1,1,2,10000,10000,2
247,sampling,4096,2,0.00023349017664530587,19.963139057159424,-1,1,2,10000,10000,3
248,sampling,4096,2,0.0002614259218805088,19.960866928100586,-1,1,2,10000,10000,4
249,sampling,4096,2,0.00014318816449092933,20.05364489555359,-1,1,2,10000,10000,5
250,sampling,64,3,0.16640715387067653,0.06505203247070312,-1,1,2,10000,10000,1
251,sampling,64,3,0.11880169269851464,0.06429910659790039,-1,1,2,10000,10000,2
252,sampling,64,3,0.0706149261950841,0.07626652717590332,-1,1,2,10000,10000,3
253,sampling,64,3,0.10171363277628948,0.07587862014770508,-1,1,2,10000,10000,4
254,sampling,64,3,0.07765643017040137,0.07687067985534668,-1,1,2,10000,10000,5
255,sampling,101,3,0.047516758149160065,0.11929535865783691,-1,1,2,10000,10000,1
256,sampling,101,3,0.043072587054591896,0.11811280250549316,-1,1,2,10000,10000,2
257,sampling,101,3,0.03434403450605421,0.12673306465148926,-1,1,2,10000,10000,3
258,sampling,101,3,0.04189498451528302,0.1201479434967041,-1,1,2,10000,10000,4
259,sampling,101,3,0.03108372749033652,0.12160825729370117,-1,1,2,10000,10000,5
260,sampling,161,3,0.01325043869281444,0.19608855247497559,-1,1,2,10000,10000,1
261,sampling,161,3,0.01752778781424522,0.19672608375549316,-1,1,2,10000,10000,2
262,sampling,161,3,0.012396878221564546,0.18904662132263184,-1,1,2,10000,10000,3
263,sampling,161,3,0.020957773424549506,0.19412684440612793,-1,1,2,10000,10000,4
264,sampling,161,3,0.013816547741964072,0.18887972831726074,-1,1,2,10000,10000,5
265,sampling,256,3,0.0037576881009747398,0.33035802841186523,-1,1,2,10000,10000,1
266,sampling,256,3,0.0040832878578893304,0.3106255531311035,-1,1,2,10000,10000,2
267,sampling,256,3,0.004176101719600512,0.31140685081481934,-1,1,2,10000,10000,3
268,sampling,256,3,0.0027997916590885453,0.3091459274291992,-1,1,2,10000,10000,4
269,sampling,256,3,0.002605552527145474,0.3117985725402832,-1,1,2,10000,10000,5
270,sampling,406,3,0.002831648829570597,0.5030062198638916,-1,1,2,10000,10000,1
271,sampling,406,3,0.00204735092899166,0.5118012428283691,-1,1,2,10000,10000,2
272,sampling,406,3,0.002307719658632969,0.5042674541473389,-1,1,2,10000,10000,3
273,sampling,406,3,0.0018737145607142652,0.5108051300048828,-1,1,2,10000,10000,4
274,sampling,406,3,0.0018531363236258807,0.5132148265838623,-1,1,2,10000,10000,5
275,sampling,645,3,0.0015689238135328115,0.9273996353149414,-1,1,2,10000,10000,1
276,sampling,645,3,0.0013926673531059377,0.9157788753509521,-1,1,2,10000,10000,2
277,sampling,645,3,0.0012419240800134587,0.9080164432525635,-1,1,2,10000,10000,3
278,sampling,645,3,0.001119992654906603,0.9140787124633789,-1,1,2,10000,10000,4
279,sampling,645,3,0.001131694012741449,0.9090144634246826,-1,1,2,10000,10000,5
280,sampling,1024,3,0.0013078551905893322,1.57673978805542,-1,1,2,10000,10000,1
281,sampling,1024,3,0.0008555576186435759,1.5850582122802734,-1,1,2,10000,10000,2
282,sampling,1024,3,0.0006819886348756443,1.5739376544952393,-1,1,2,10000,10000,3
283,sampling,1024,3,0.0009266515433154433,1.555171251296997,-1,1,2,10000,10000,4
284,sampling,1024,3,0.001474178860085681,1.576385498046875,-1,1,2,10000,10000,5
285,sampling,1625,3,0.0008713223986619731,2.9745681285858154,-1,1,2,10000,10000,1
286,sampling,1625,3,0.0010068580627138758,2.9676458835601807,-1,1,2,10000,10000,2
287,sampling,1625,3,0.000641152316804948,2.9668502807617188,-1,1,2,10000,10000,3
288,sampling,1625,3,0.0010091391526761946,2.9703426361083984,-1,1,2,10000,10000,4
289,sampling,1625,3,0.0017271372173642216,2.9868404865264893,-1,1,2,10000,10000,5
290,sampling,2580,3,0.0008477985272280331,8.594297409057617,-1,1,2,10000,10000,1
291,sampling,2580,3,0.0009822473954831173,8.289166927337646,-1,1,2,10000,10000,2
292,sampling,2580,3,0.00046065472864929884,7.397303581237793,-1,1,2,10000,10000,3
293,sampling,2580,3,0.0008935191186882752,7.412860631942749,-1,1,2,10000,10000,4
294,sampling,2580,3,0.0008083356784959652,7.424508333206177,-1,1,2,10000,10000,5
295,sampling,4096,3,0.0005005914309169782,22.306277751922607,-1,1,2,10000,10000,1
296,sampling,4096,3,0.0004364239047537338,22.22949743270874,-1,1,2,10000,10000,2
297,sampling,4096,3,0.0002818069361286552,22.275129318237305,-1,1,2,10000,10000,3
298,sampling,4096,3,0.0003943726263338605,22.23011064529419,-1,1,2,10000,10000,4
299,sampling,4096,3,0.0003262926548527576,22.310218334197998,-1,1,2,10000,10000,5
300,sampling,64,1,0.014287497479122427,0.024164438247680664,-1,1,3,10000,10000,1
301,sampling,64,1,0.013978724405650027,0.02472376823425293,-1,1,3,10000,10000,2
302,sampling,64,1,0.014376272871669373,0.024367809295654297,-1,1,3,10000,10000,3
303,sampling,64,1,0.01477118974185488,0.02443671226501465,-1,1,3,10000,10000,4
304,sampling,64,1,0.014126763840950182,0.024344444274902344,-1,1,3,10000,10000,5
305,sampling,101,1,0.01154265082635283,0.0410761833190918,-1,1,3,10000,10000,1
306,sampling,101,1,0.011053742091121407,0.045522212982177734,-1,1,3,10000,10000,2
307,sampling,101,1,0.009528316218189517,0.046576499938964844,-1,1,3,10000,10000,3
308,sampling,101,1,0.011501238957926652,0.04708456993103027,-1,1,3,10000,10000,4
309,sampling,101,1,0.010271129992650948,0.04658341407775879,-1,1,3,10000,10000,5
310,sampling,161,1,0.007822450163389123,0.07369375228881836,-1,1,3,10000,10000,1
311,sampling,161,1,0.007893703757419736,0.07341694831848145,-1,1,3,10000,10000,2
312,sampling,161,1,0.007687091980296285,0.07370996475219727,-1,1,3,10000,10000,3
313,sampling,161,1,0.00798912710956685,0.07421422004699707,-1,1,3,10000,10000,4
314,sampling,161,1,0.007924598200540497,0.0794367790222168,-1,1,3,10000,10000,5
315,sampling,256,1,0.007276919045778088,0.12161993980407715,-1,1,3,10000,10000,1
316,sampling,256,1,0.007171367609443781,0.12199687957763672,-1,1,3,10000,10000,2
317,sampling,256,1,0.007087301139742906,0.12220478057861328,-1,1,3,10000,10000,3
318,sampling,256,1,0.007330294633401994,0.12324237823486328,-1,1,3,10000,10000,4
319,sampling,256,1,0.007308307739025419,0.12256002426147461,-1,1,3,10000,10000,5
320,sampling,406,1,0.00613243262000621,0.20272207260131836,-1,1,3,10000,10000,1
321,sampling,406,1,0.006101222216665533,0.2003955841064453,-1,1,3,10000,10000,2
322,sampling,406,1,0.005951957683882784,0.20088911056518555,-1,1,3,10000,10000,3
323,sampling,406,1,0.006053393596154676,0.20172786712646484,-1,1,3,10000,10000,4
324,sampling,406,1,0.006194926451389331,0.2009282112121582,-1,1,3,10000,10000,5
325,sampling,645,1,0.004967801638211379,0.339550256729126,-1,1,3,10000,10000,1
326,sampling,645,1,0.005007782834711567,0.3371756076812744,-1,1,3,10000,10000,2
327,sampling,645,1,0.005223053130102782,0.33590149879455566,-1,1,3,10000,10000,3
328,sampling,645,1,0.004702153889790664,0.3373899459838867,-1,1,3,10000,10000,4
329,sampling,645,1,0.005059653075173945,0.3367905616760254,-1,1,3,10000,10000,5
330,sampling,1024,1,0.00442555788801737,0.7166731357574463,-1,1,3,10000,10000,1
331,sampling,1024,1,0.004488706007820063,0.7131168842315674,-1,1,3,10000,10000,2
332,sampling,1024,1,0.004512373689316057,0.7175157070159912,-1,1,3,10000,10000,3
333,sampling,1024,1,0.004398047754911886,0.714576005935669,-1,1,3,10000,10000,4
334,sampling,1024,1,0.0044431332083713325,0.7125763893127441,-1,1,3,10000,10000,5
335,sampling,1625,1,0.004071289721023069,1.579918384552002,-1,1,3,10000,10000,1
336,sampling,1625,1,0.003933854733750673,1.571493148803711,-1,1,3,10000,10000,2
337,sampling,1625,1,0.004064501242404776,1.5982794761657715,-1,1,3,10000,10000,3
338,sampling,1625,1,0.003953527868753499,1.57275390625,-1,1,3,10000,10000,4
339,sampling,1625,1,0.004027450246993437,1.5781521797180176,-1,1,3,10000,10000,5
340,sampling,2580,1,0.003163950364339784,5.002863883972168,-1,1,3,10000,10000,1
341,sampling,2580,1,0.003015778618235747,5.026350021362305,-1,1,3,10000,10000,2
342,sampling,2580,1,0.0029793332539820236,5.0204877853393555,-1,1,3,10000,10000,3
343,sampling,2580,1,0.0029438214767637054,5.039340257644653,-1,1,3,10000,10000,4
344,sampling,2580,1,0.003105823306402397,5.028869390487671,-1,1,3,10000,10000,5
345,sampling,4096,1,0.002746077850025268,17.51011824607849,-1,1,3,10000,10000,1
346,sampling,4096,1,0.0026378334459769078,17.498554706573486,-1,1,3,10000,10000,2
347,sampling,4096,1,0.002635299972106294,17.50159215927124,-1,1,3,10000,10000,3
348,sampling,4096,1,0.0027821380952743934,17.501346826553345,-1,1,3,10000,10000,4
349,sampling,4096,1,0.0027165631252186254,17.497708320617676,-1,1,3,10000,10000,5
350,sampling,64,2,0.04718828012132442,0.04745292663574219,-1,1,3,10000,10000,1
351,sampling,64,2,0.029927713873350952,0.04693412780761719,-1,1,3,10000,10000,2
352,sampling,64,2,0.04659008112302687,0.04755520820617676,-1,1,3,10000,10000,3
353,sampling,64,2,0.04090153582233676,0.05478930473327637,-1,1,3,10000,10000,4
354,sampling,64,2,0.03875562503864855,0.05606484413146973,-1,1,3,10000,10000,5
355,sampling,101,2,0.02543106133563172,0.08592748641967773,-1,1,3,10000,10000,1
356,sampling,101,2,0.018501643671823022,0.08713459968566895,-1,1,3,10000,10000,2
357,sampling,101,2,0.01725030813185581,0.08643174171447754,-1,1,3,10000,10000,3
358,sampling,101,2,0.02661950688836163,0.0845189094543457,-1,1,3,10000,10000,4
359,sampling,101,2,0.0204114919883242,0.09132075309753418,-1,1,3,10000,10000,5
360,sampling,161,2,0.011760166259965576,0.13634490966796875,-1,1,3,10000,10000,1
361,sampling,161,2,0.01209089643084538,0.1393895149230957,-1,1,3,10000,10000,2
362,sampling,161,2,0.012463303971524004,0.1358935832977295,-1,1,3,10000,10000,3
363,sampling,161,2,0.011575626064309702,0.13510584831237793,-1,1,3,10000,10000,4
364,sampling,161,2,0.010984293548389786,0.13512563705444336,-1,1,3,10000,10000,5
365,sampling,256,2,0.008035987461743126,0.2201988697052002,-1,1,3,10000,10000,1
366,sampling,256,2,0.00617441685230262,0.22026944160461426,-1,1,3,10000,10000,2
367,sampling,256,2,0.0076546322446183375,0.22111725807189941,-1,1,3,10000,10000,3
368,sampling,256,2,0.006365178038258622,0.2172093391418457,-1,1,3,10000,10000,4
369,sampling,256,2,0.006433884361012194,0.2184464931488037,-1,1,3,10000,10000,5
370,sampling,406,2,0.004775566580612415,0.3457207679748535,-1,1,3,10000,10000,1
371,sampling,406,2,0.005202060480301884,0.37008094787597656,-1,1,3,10000,10000,2
372,sampling,406,2,0.005442905049310638,0.3325533866882324,-1,1,3,10000,10000,3
373,sampling,406,2,0.003832373481465438,0.33471202850341797,-1,1,3,10000,10000,4
374,sampling,406,2,0.004526370894456457,0.3352334499359131,-1,1,3,10000,10000,5
375,sampling,645,2,0.00399976447231929,0.5964457988739014,-1,1,3,10000,10000,1
376,sampling,645,2,0.0037170810693182114,0.6409292221069336,-1,1,3,10000,10000,2
377,sampling,645,2,0.0037809484030275364,0.6392812728881836,-1,1,3,10000,10000,3
378,sampling,645,2,0.002658610655822105,0.6400253772735596,-1,1,3,10000,10000,4
379,sampling,645,2,0.0037093396049439928,0.6416401863098145,-1,1,3,10000,10000,5
380,sampling,1024,2,0.003407844491842647,1.1315038204193115,-1,1,3,10000,10000,1
381,sampling,1024,2,0.002952587905940894,1.1306836605072021,-1,1,3,10000,10000,2
382,sampling,1024,2,0.0029309630250690653,1.12359619140625,-1,1,3,10000,10000,3
383,sampling,1024,2,0.002265698156259284,1.142009973526001,-1,1,3,10000,10000,4
384,sampling,1024,2,0.0028122113957781618,1.1245501041412354,-1,1,3,10000,10000,5
385,sampling,1625,2,0.0019377072694300636,2.26804780960083,-1,1,3,10000,10000,1
386,sampling,1625,2,0.002277531142508197,2.291335105895996,-1,1,3,10000,10000,2
387,sampling,1625,2,0.0019787942058602874,2.265516996383667,-1,1,3,10000,10000,3
388,sampling,1625,2,0.0016219532888224692,2.2693755626678467,-1,1,3,10000,10000,4
389,sampling,1625,2,0.0018546089218684626,2.269544839859009,-1,1,3,10000,10000,5
390,sampling,2580,2,0.001318616249671128,6.28124737739563,-1,1,3,10000,10000,1
391,sampling,2580,2,0.0014935293181065565,6.226101398468018,-1,1,3,10000,10000,2
392,sampling,2580,2,0.0012787305370854161,6.2176196575164795,-1,1,3,10000,10000,3
393,sampling,2580,2,0.001447533936146881,6.219569683074951,-1,1,3,10000,10000,4
394,sampling,2580,2,0.0014822270064843456,6.2279393672943115,-1,1,3,10000,10000,5
395,sampling,4096,2,0.001045473449569995,19.918850660324097,-1,1,3,10000,10000,1
396,sampling,4096,2,0.0007125216642870949,19.929944276809692,-1,1,3,10000,10000,2
397,sampling,4096,2,0.000669501701293007,19.923999309539795,-1,1,3,10000,10000,3
398,sampling,4096,2,0.0009954386861699138,19.900749921798706,-1,1,3,10000,10000,4
399,sampling,4096,2,0.0010135785040519642,19.918782234191895,-1,1,3,10000,10000,5
400,sampling,64,3,0.08146687832907677,0.06424951553344727,-1,1,3,10000,10000,1
401,sampling,64,3,0.04059204137226691,0.06395339965820312,-1,1,3,10000,10000,2
402,sampling,64,3,0.058983216729167356,0.07375049591064453,-1,1,3,10000,10000,3
403,sampling,64,3,0.050881293705585855,0.07447934150695801,-1,1,3,10000,10000,4
404,sampling,64,3,0.08006799377419815,0.07616519927978516,-1,1,3,10000,10000,5
405,sampling,101,3,0.04820512113678978,0.11806511878967285,-1,1,3,10000,10000,1
406,sampling,101,3,0.025900586230950234,0.1195380687713623,-1,1,3,10000,10000,2
407,sampling,101,3,0.030163829504706464,0.12222528457641602,-1,1,3,10000,10000,3
408,sampling,101,3,0.028416964625483817,0.11598396301269531,-1,1,3,10000,10000,4
409,sampling,101,3,0.027596323877513675,0.11702418327331543,-1,1,3,10000,10000,5
410,sampling,161,3,0.017867769477741036,0.1894690990447998,-1,1,3,10000,10000,1
411,sampling,161,3,0.017641549387421237,0.19756269454956055,-1,1,3,10000,10000,2
412,sampling,161,3,0.014441972167461278,0.18651390075683594,-1,1,3,10000,10000,3
413,sampling,161,3,0.01713953806496375,0.18610215187072754,-1,1,3,10000,10000,4
414,sampling,161,3,0.013949531728442753,0.18701601028442383,-1,1,3,10000,10000,5
415,sampling,256,3,0.013005912452931175,0.31444454193115234,-1,1,3,10000,10000,1
416,sampling,256,3,0.007775295416344375,0.3036923408508301,-1,1,3,10000,10000,2
417,sampling,256,3,0.007765497462942641,0.3066682815551758,-1,1,3,10000,10000,3
418,sampling,256,3,0.007822239143674688,0.31656551361083984,-1,1,3,10000,10000,4
419,sampling,256,3,0.007297098424515198,0.3050882816314697,-1,1,3,10000,10000,5
420,sampling,406,3,0.005240167974201411,0.48545098304748535,-1,1,3,10000,10000,1
421,sampling,406,3,0.006051524827776228,0.49505615234375,-1,1,3,10000,10000,2
422,sampling,406,3,0.004436628199202998,0.49805569648742676,-1,1,3,10000,10000,3
423,sampling,406,3,0.005215234978135069,0.4999990463256836,-1,1,3,10000,10000,4
424,sampling,406,3,0.0052871231657228325,0.4963345527648926,-1,1,3,10000,10000,5
425,sampling,645,3,0.0030499583158517217,0.8915846347808838,-1,1,3,10000,10000,1
426,sampling,645,3,0.004667615175129564,0.8898468017578125,-1,1,3,10000,10000,2
427,sampling,645,3,0.00432157719214593,0.897688627243042,-1,1,3,10000,10000,3
428,sampling,645,3,0.003427953231224484,0.8983192443847656,-1,1,3,10000,10000,4
429,sampling,645,3,0.004302129352255119,0.8916213512420654,-1,1,3,10000,10000,5
430,sampling,1024,3,0.0027021913982736563,1.5313386917114258,-1,1,3,10000,10000,1
431,sampling,1024,3,0.003084219820801058,1.5322582721710205,-1,1,3,10000,10000,2
432,sampling,1024,3,0.0026258664207817833,1.5310149192810059,-1,1,3,10000,10000,3
433,sampling,1024,3,0.0027415994984328704,1.5340690612792969,-1,1,3,10000,10000,4
434,sampling,1024,3,0.0029182327833715193,1.5366308689117432,-1,1,3,10000,10000,5
435,sampling,1625,3,0.002037945956277942,2.9454941749572754,-1,1,3,10000,10000,1
436,sampling,1625,3,0.0025104456571319197,2.933779716491699,-1,1,3,10000,10000,2
437,sampling,1625,3,0.002029530898550165,2.9420435428619385,-1,1,3,10000,10000,3
438,sampling,1625,3,0.0021175365914271257,2.9620988368988037,-1,1,3,10000,10000,4
439,sampling,1625,3,0.0023663166536130177,2.9562127590179443,-1,1,3,10000,10000,5
440,sampling,2580,3,0.0019245229934930902,7.446613311767578,-1,1,3,10000,10000,1
441,sampling,2580,3,0.0023163113637448144,7.406958341598511,-1,1,3,10000,10000,2
442,sampling,2580,3,0.001899178232737785,7.422245025634766,-1,1,3,10000,10000,3
443,sampling,2580,3,0.001854006169738879,7.4105589389801025,-1,1,3,10000,10000,4
444,sampling,2580,3,0.0021140843178561954,7.408164978027344,-1,1,3,10000,10000,5
445,sampling,4096,3,0.0009637254402973856,22.283668279647827,-1,1,3,10000,10000,1
446,sampling,4096,3,0.0009123370504934708,22.27479338645935,-1,1,3,10000,10000,2
447,sampling,4096,3,0.0009230797710170203,22.19969081878662,-1,1,3,10000,10000,3
448,sampling,4096,3,0.001047449759589597,22.248804330825806,-1,1,3,10000,10000,4
449,sampling,4096,3,0.0010441856054618924,22.213701725006104,-1,1,3,10000,10000,5
450,sampling,64,1,0.02354240829345999,0.02396249771118164,-1,1,4,10000,10000,1
451,sampling,64,1,0.023769364770714604,0.024370908737182617,-1,1,4,10000,10000,2
452,sampling,64,1,0.023121718258582183,0.024549245834350586,-1,1,4,10000,10000,3
453,sampling,64,1,0.023754395230960984,0.02380990982055664,-1,1,4,10000,10000,4
454,sampling,64,1,0.022216989490499293,0.024298906326293945,-1,1,4,10000,10000,5
455,sampling,101,1,0.012722645346104238,0.04233860969543457,-1,1,4,10000,10000,1
456,sampling,101,1,0.014674098368548142,0.04513216018676758,-1,1,4,10000,10000,2
457,sampling,101,1,0.015149465574065078,0.04621767997741699,-1,1,4,10000,10000,3
458,sampling,101,1,0.017099191996266635,0.04533505439758301,-1,1,4,10000,10000,4
459,sampling,101,1,0.01313113536300117,0.04551410675048828,-1,1,4,10000,10000,5
460,sampling,161,1,0.009852328081138131,0.07289266586303711,-1,1,4,10000,10000,1
461,sampling,161,1,0.009985344319942743,0.0730593204498291,-1,1,4,10000,10000,2
462,sampling,161,1,0.009967630632853131,0.07256627082824707,-1,1,4,10000,10000,3
463,sampling,161,1,0.009834490840789335,0.07177472114562988,-1,1,4,10000,10000,4
464,sampling,161,1,0.009781544873553753,0.07440829277038574,-1,1,4,10000,10000,5
465,sampling,256,1,0.006773617658876011,0.12075591087341309,-1,1,4,10000,10000,1
466,sampling,256,1,0.007772886569712738,0.12092256546020508,-1,1,4,10000,10000,2
467,sampling,256,1,0.0073425974745017905,0.12078738212585449,-1,1,4,10000,10000,3
468,sampling,256,1,0.0071466266698751975,0.11981868743896484,-1,1,4,10000,10000,4
469,sampling,256,1,0.007037636423104732,0.12035560607910156,-1,1,4,10000,10000,5
470,sampling,406,1,0.005607662388564427,0.20572400093078613,-1,1,4,10000,10000,1
471,sampling,406,1,0.005544171672801907,0.20355439186096191,-1,1,4,10000,10000,2
472,sampling,406,1,0.005822934108954686,0.20414304733276367,-1,1,4,10000,10000,3
473,sampling,406,1,0.005748149389287455,0.20531868934631348,-1,1,4,10000,10000,4
474,sampling,406,1,0.00564483182869632,0.20474672317504883,-1,1,4,10000,10000,5
475,sampling,645,1,0.005307840762345888,0.34965085983276367,-1,1,4,10000,10000,1
476,sampling,645,1,0.005368515172045582,0.34673261642456055,-1,1,4,10000,10000,2
477,sampling,645,1,0.005156656977805353,0.34728336334228516,-1,1,4,10000,10000,3
478,sampling,645,1,0.005187763131042726,0.34647297859191895,-1,1,4,10000,10000,4
479,sampling,645,1,0.0050154296953228055,0.3460869789123535,-1,1,4,10000,10000,5
480,sampling,1024,1,0.0041646370112187895,0.7398982048034668,-1,1,4,10000,10000,1
481,sampling,1024,1,0.004380629954519053,0.7386322021484375,-1,1,4,10000,10000,2
482,sampling,1024,1,0.0041257671737841275,0.739058256149292,-1,1,4,10000,10000,3
483,sampling,1024,1,0.0039052580205409877,0.7395141124725342,-1,1,4,10000,10000,4
484,sampling,1024,1,0.004337140199201693,0.7457199096679688,-1,1,4,10000,10000,5
485,sampling,1625,1,0.0034129489042137064,1.627272367477417,-1,1,4,10000,10000,1
486,sampling,1625,1,0.0036914541070324648,1.6128299236297607,-1,1,4,10000,10000,2
487,sampling,1625,1,0.003575358794518677,1.6428542137145996,-1,1,4,10000,10000,3
488,sampling,1625,1,0.0035431114782535178,1.609602928161621,-1,1,4,10000,10000,4
489,sampling,1625,1,0.003505352372790965,1.6215555667877197,-1,1,4,10000,10000,5
490,sampling,2580,1,0.0032120569582934832,5.072636365890503,-1,1,4,10000,10000,1
491,sampling,2580,1,0.003217924565587573,5.105739593505859,-1,1,4,10000,10000,2
492,sampling,2580,1,0.0032897488227007386,5.108689785003662,-1,1,4,10000,10000,3
493,sampling,2580,1,0.0032610053872891174,5.101948261260986,-1,1,4,10000,10000,4
494,sampling,2580,1,0.00317507030177786,5.122201681137085,-1,1,4,10000,10000,5
495,sampling,4096,1,0.0029862966932625835,17.6244375705719,-1,1,4,10000,10000,1
496,sampling,4096,1,0.0037619800114624038,17.60882067680359,-1,1,4,10000,10000,2
497,sampling,4096,1,0.004177585482675563,17.598774671554565,-1,1,4,10000,10000,3
498,sampling,4096,1,0.003247356726193583,17.630171537399292,-1,1,4,10000,10000,4
499,sampling,4096,1,0.0029483554838119737,17.620580196380615,-1,1,4,10000,10000,5
500,sampling,64,2,0.04485636035522115,0.04535508155822754,-1,1,4,10000,10000,1
501,sampling,64,2,0.04257585212297103,0.04640960693359375,-1,1,4,10000,10000,2
502,sampling,64,2,0.07089686481815072,0.04738354682922363,-1,1,4,10000,10000,3
503,sampling,64,2,0.053656034082506396,0.05500507354736328,-1,1,4,10000,10000,4
504,sampling,64,2,0.057844066400903955,0.056346893310546875,-1,1,4,10000,10000,5
505,sampling,101,2,0.02346416387300421,0.0843057632446289,-1,1,4,10000,10000,1
506,sampling,101,2,0.025395190267570825,0.0865020751953125,-1,1,4,10000,10000,2
507,sampling,101,2,0.029052268979215312,0.08516931533813477,-1,1,4,10000,10000,3
508,sampling,101,2,0.02957198090195174,0.08676385879516602,-1,1,4,10000,10000,4
509,sampling,101,2,0.023821580725111768,0.08968377113342285,-1,1,4,10000,10000,5
510,sampling,161,2,0.016823817583052687,0.1336672306060791,-1,1,4,10000,10000,1
511,sampling,161,2,0.01636886300265546,0.13635635375976562,-1,1,4,10000,10000,2
512,sampling,161,2,0.019286295234622094,0.13455843925476074,-1,1,4,10000,10000,3
513,sampling,161,2,0.016552573030587072,0.1363682746887207,-1,1,4,10000,10000,4
514,sampling,161,2,0.015934328750619873,0.13639450073242188,-1,1,4,10000,10000,5
515,sampling,256,2,0.010425703108388754,0.22029757499694824,-1,1,4,10000,10000,1
516,sampling,256,2,0.008981908644160885,0.2191462516784668,-1,1,4,10000,10000,2
517,sampling,256,2,0.00912282608715274,0.21837663650512695,-1,1,4,10000,10000,3
518,sampling,256,2,0.009933576076799648,0.21944069862365723,-1,1,4,10000,10000,4
519,sampling,256,2,0.008846395990076734,0.21969866752624512,-1,1,4,10000,10000,5
520,sampling,406,2,0.007085586187744833,0.3368551731109619,-1,1,4,10000,10000,1
521,sampling,406,2,0.006010996462878782,0.334597110748291,-1,1,4,10000,10000,2
522,sampling,406,2,0.006008028625221401,0.3354799747467041,-1,1,4,10000,10000,3
523,sampling,406,2,0.006573741652651661,0.35309839248657227,-1,1,4,10000,10000,4
524,sampling,406,2,0.005997178566038915,0.33653712272644043,-1,1,4,10000,10000,5
525,sampling,645,2,0.005391373983805909,0.5979375839233398,-1,1,4,10000,10000,1
526,sampling,645,2,0.004847904980830952,0.6432380676269531,-1,1,4,10000,10000,2
527,sampling,645,2,0.005710752032061128,0.6441559791564941,-1,1,4,10000,10000,3
528,sampling,645,2,0.004716207349866451,0.6441707611083984,-1,1,4,10000,10000,4
529,sampling,645,2,0.004507438965629361,0.6451394557952881,-1,1,4,10000,10000,5
530,sampling,1024,2,0.003928597594014061,1.1338725090026855,-1,1,4,10000,10000,1
531,sampling,1024,2,0.0035126818620633943,1.1377968788146973,-1,1,4,10000,10000,2
532,sampling,1024,2,0.0035022592627493216,1.136932611465454,-1,1,4,10000,10000,3
533,sampling,1024,2,0.0035629434245432624,1.1324899196624756,-1,1,4,10000,10000,4
534,sampling,1024,2,0.0037255389743118786,1.1406311988830566,-1,1,4,10000,10000,5
535,sampling,1625,2,0.0033004864836002792,2.2858808040618896,-1,1,4,10000,10000,1
536,sampling,1625,2,0.0037246682031993666,2.2771711349487305,-1,1,4,10000,10000,2
537,sampling,1625,2,0.003722400476844897,2.2660953998565674,-1,1,4,10000,10000,3
538,sampling,1625,2,0.0031380052178726745,2.281644105911255,-1,1,4,10000,10000,4
539,sampling,1625,2,0.0030842792526235272,2.283904552459717,-1,1,4,10000,10000,5
540,sampling,2580,2,0.002236596310832436,6.303162097930908,-1,1,4,10000,10000,1
541,sampling,2580,2,0.002171734657038902,6.281588077545166,-1,1,4,10000,10000,2
542,sampling,2580,2,0.002525234617616552,6.265804767608643,-1,1,4,10000,10000,3
543,sampling,2580,2,0.0018049690947554145,6.28645920753479,-1,1,4,10000,10000,4
544,sampling,2580,2,0.0022903755916934363,6.2995216846466064,-1,1,4,10000,10000,5
545,sampling,4096,2,0.0018884559871163548,20.035242080688477,-1,1,4,10000,10000,1
546,sampling,4096,2,0.0025037949236194116,19.995455503463745,-1,1,4,10000,10000,2
547,sampling,4096,2,0.0021397928610524244,19.998548984527588,-1,1,4,10000,10000,3
548,sampling,4096,2,0.0015074372814594325,20.09273076057434,-1,1,4,10000,10000,4
549,sampling,4096,2,0.0014116770523645485,19.98024821281433,-1,1,4,10000,10000,5
550,sampling,64,3,0.06574803580245446,0.06405448913574219,-1,1,4,10000,10000,1
551,sampling,64,3,0.05778086164747824,0.0632927417755127,-1,1,4,10000,10000,2
552,sampling,64,3,0.07411652200316171,0.07394742965698242,-1,1,4,10000,10000,3
553,sampling,64,3,0.08230603955605942,0.07674908638000488,-1,1,4,10000,10000,4
554,sampling,64,3,0.07534912570639765,0.07468509674072266,-1,1,4,10000,10000,5
555,sampling,101,3,0.04336339151611588,0.11770844459533691,-1,1,4,10000,10000,1
556,sampling,101,3,0.055315002215016555,0.11965537071228027,-1,1,4,10000,10000,2
557,sampling,101,3,0.04349102246117706,0.12112855911254883,-1,1,4,10000,10000,3
558,sampling,101,3,0.049275650879465754,0.11948084831237793,-1,1,4,10000,10000,4
559,sampling,101,3,0.049034680928967705,0.11960339546203613,-1,1,4,10000,10000,5
560,sampling,161,3,0.024430307484668,0.18879437446594238,-1,1,4,10000,10000,1
561,sampling,161,3,0.025286114916536713,0.19356727600097656,-1,1,4,10000,10000,2
562,sampling,161,3,0.025134706578286294,0.1877593994140625,-1,1,4,10000,10000,3
563,sampling,161,3,0.031191682121488443,0.18798542022705078,-1,1,4,10000,10000,4
564,sampling,161,3,0.028714043707304765,0.18911194801330566,-1,1,4,10000,10000,5
565,sampling,256,3,0.016075515874707187,0.3185276985168457,-1,1,4,10000,10000,1
566,sampling,256,3,0.013410655099187851,0.3055903911590576,-1,1,4,10000,10000,2
567,sampling,256,3,0.014837907511588802,0.30855894088745117,-1,1,4,10000,10000,3
568,sampling,256,3,0.016538897802644805,0.3054821491241455,-1,1,4,10000,10000,4
569,sampling,256,3,0.017023307036156808,0.30914878845214844,-1,1,4,10000,10000,5
570,sampling,406,3,0.00924017686858912,0.4814727306365967,-1,1,4,10000,10000,1
571,sampling,406,3,0.01007181249839834,0.49654269218444824,-1,1,4,10000,10000,2
572,sampling,406,3,0.00856338682192439,0.4984095096588135,-1,1,4,10000,10000,3
573,sampling,406,3,0.008641370719643545,0.49558067321777344,-1,1,4,10000,10000,4
574,sampling,406,3,0.010823700535552476,0.49783754348754883,-1,1,4,10000,10000,5
575,sampling,645,3,0.007351590668458696,0.9042527675628662,-1,1,4,10000,10000,1
576,sampling,645,3,0.0071902494226536474,0.8913710117340088,-1,1,4,10000,10000,2
577,sampling,645,3,0.0069398911230291365,0.8975450992584229,-1,1,4,10000,10000,3
578,sampling,645,3,0.0063954089635273395,0.8988170623779297,-1,1,4,10000,10000,4
579,sampling,645,3,0.00591126689204215,0.8955011367797852,-1,1,4,10000,10000,5
580,sampling,1024,3,0.005043441481547702,1.5511279106140137,-1,1,4,10000,10000,1
581,sampling,1024,3,0.004862412413366701,1.5435214042663574,-1,1,4,10000,10000,2
582,sampling,1024,3,0.004511158351451316,1.5419402122497559,-1,1,4,10000,10000,3
583,sampling,1024,3,0.005060405980097569,1.5424957275390625,-1,1,4,10000,10000,4
584,sampling,1024,3,0.004443125205140912,1.541370153427124,-1,1,4,10000,10000,5
585,sampling,1625,3,0.003545380375910271,2.9500935077667236,-1,1,4,10000,10000,1
586,sampling,1625,3,0.004108139910004204,2.9369115829467773,-1,1,4,10000,10000,2
587,sampling,1625,3,0.003813772452671349,2.954380750656128,-1,1,4,10000,10000,3
588,sampling,1625,3,0.00424631282803311,2.968492269515991,-1,1,4,10000,10000,4
589,sampling,1625,3,0.003670398508394197,2.9329099655151367,-1,1,4,10000,10000,5
590,sampling,2580,3,0.002487355356698679,7.424107551574707,-1,1,4,10000,10000,1
591,sampling,2580,3,0.002772276917880253,7.405663728713989,-1,1,4,10000,10000,2
592,sampling,2580,3,0.0026746489552733335,7.407034873962402,-1,1,4,10000,10000,3
593,sampling,2580,3,0.00280653841578438,7.392756223678589,-1,1,4,10000,10000,4
594,sampling,2580,3,0.002938406655058288,7.41615629196167,-1,1,4,10000,10000,5
595,sampling,4096,3,0.0016114123873318907,22.555697202682495,-1,1,4,10000,10000,1
596,sampling,4096,3,0.0015579015071817838,22.38554334640503,-1,1,4,10000,10000,2
597,sampling,4096,3,0.0017659279190021615,22.419564962387085,-1,1,4,10000,10000,3
598,sampling,4096,3,0.0016251626956076694,22.42922282218933,-1,1,4,10000,10000,4
599,sampling,4096,3,0.001558219743820407,22.437066555023193,-1,1,4,10000,10000,5
600,sampling,64,1,0.0239760097851158,0.02423381805419922,-1,1,5,10000,10000,1
601,sampling,64,1,0.024117989596116933,0.024550437927246094,-1,1,5,10000,10000,2
602,sampling,64,1,0.023378506508075637,0.02478194236755371,-1,1,5,10000,10000,3
603,sampling,64,1,0.02399034148978449,0.024443387985229492,-1,1,5,10000,10000,4
604,sampling,64,1,0.02329051928703631,0.024581432342529297,-1,1,5,10000,10000,5
605,sampling,101,1,0.022207396621446298,0.04295849800109863,-1,1,5,10000,10000,1
606,sampling,101,1,0.020529662601337727,0.04547238349914551,-1,1,5,10000,10000,2
607,sampling,101,1,0.021846069953601565,0.04602980613708496,-1,1,5,10000,10000,3
608,sampling,101,1,0.021786539491264183,0.04596281051635742,-1,1,5,10000,10000,4
609,sampling,101,1,0.02118170847244891,0.045305728912353516,-1,1,5,10000,10000,5
610,sampling,161,1,0.014003706083826686,0.07270574569702148,-1,1,5,10000,10000,1
611,sampling,161,1,0.015338599593422729,0.07307982444763184,-1,1,5,10000,10000,2
612,sampling,161,1,0.014377932326896364,0.07420706748962402,-1,1,5,10000,10000,3
613,sampling,161,1,0.013443863198030015,0.0726017951965332,-1,1,5,10000,10000,4
614,sampling,161,1,0.0149994347796515,0.07503056526184082,-1,1,5,10000,10000,5
615,sampling,256,1,0.009014998367231313,0.12235617637634277,-1,1,5,10000,10000,1
616,sampling,256,1,0.009254572354868458,0.1223139762878418,-1,1,5,10000,10000,2
617,sampling,256,1,0.00894889462360446,0.1212012767791748,-1,1,5,10000,10000,3
618,sampling,256,1,0.009106480473305983,0.12131762504577637,-1,1,5,10000,10000,4
619,sampling,256,1,0.009178679427045035,0.12164831161499023,-1,1,5,10000,10000,5
620,sampling,406,1,0.007791482236585123,0.2091689109802246,-1,1,5,10000,10000,1
621,sampling,406,1,0.007825255941424598,0.20657920837402344,-1,1,5,10000,10000,2
622,sampling,406,1,0.007552661997533856,0.20581865310668945,-1,1,5,10000,10000,3
623,sampling,406,1,0.007471098918005036,0.2059345245361328,-1,1,5,10000,10000,4
624,sampling,406,1,0.007608474250632175,0.2062971591949463,-1,1,5,10000,10000,5
625,sampling,645,1,0.0050460030965000765,0.3528285026550293,-1,1,5,10000,10000,1
626,sampling,645,1,0.004895902942139861,0.35063695907592773,-1,1,5,10000,10000,2
627,sampling,645,1,0.005014250705555965,0.3505873680114746,-1,1,5,10000,10000,3
628,sampling,645,1,0.004993520785555713,0.3493480682373047,-1,1,5,10000,10000,4
629,sampling,645,1,0.004944409383413846,0.35017967224121094,-1,1,5,10000,10000,5
630,sampling,1024,1,0.004281925662171553,0.7527873516082764,-1,1,5,10000,10000,1
631,sampling,1024,1,0.004242605416586112,0.7496428489685059,-1,1,5,10000,10000,2
632,sampling,1024,1,0.004517958353976597,0.7483437061309814,-1,1,5,10000,10000,3
633,sampling,1024,1,0.004301458477707007,0.7470893859863281,-1,1,5,10000,10000,4
634,sampling,1024,1,0.004203237626366186,0.7483811378479004,-1,1,5,10000,10000,5
635,sampling,1625,1,0.004109429665403619,1.6479673385620117,-1,1,5,10000,10000,1
636,sampling,1625,1,0.004050075866104746,1.6515226364135742,-1,1,5,10000,10000,2
637,sampling,1625,1,0.00447542809208127,1.6569523811340332,-1,1,5,10000,10000,3
638,sampling,1625,1,0.004140277838910477,1.6377971172332764,-1,1,5,10000,10000,4
639,sampling,1625,1,0.004310664182214098,1.6410589218139648,-1,1,5,10000,10000,5
640,sampling,2580,1,0.0038152247306557103,5.11482834815979,-1,1,5,10000,10000,1
641,sampling,2580,1,0.0033515575192593263,5.1418983936309814,-1,1,5,10000,10000,2
642,sampling,2580,1,0.0033935666784244123,5.148299217224121,-1,1,5,10000,10000,3
643,sampling,2580,1,0.0032461714755951925,5.155276536941528,-1,1,5,10000,10000,4
644,sampling,2580,1,0.00354065710781709,5.128494739532471,-1,1,5,10000,10000,5
645,sampling,4096,1,0.0027925211217048013,17.683570861816406,-1,1,5,10000,10000,1
646,sampling,4096,1,0.002811467396848134,17.664138555526733,-1,1,5,10000,10000,2
647,sampling,4096,1,0.0030202985769343946,17.680476427078247,-1,1,5,10000,10000,3
648,sampling,4096,1,0.0029287187596533787,17.66377305984497,-1,1,5,10000,10000,4
649,sampling,4096,1,0.002835671235817644,17.667544841766357,-1,1,5,10000,10000,5
650,sampling,64,2,0.052791038757486614,0.04511570930480957,-1,1,5,10000,10000,1
651,sampling,64,2,0.0545309430244961,0.04505801200866699,-1,1,5,10000,10000,2
652,sampling,64,2,0.05641483008784219,0.04667401313781738,-1,1,5,10000,10000,3
653,sampling,64,2,0.06167494659694104,0.05260920524597168,-1,1,5,10000,10000,4
654,sampling,64,2,0.04902425830144682,0.05367684364318848,-1,1,5,10000,10000,5
655,sampling,101,2,0.029157061679483575,0.08424973487854004,-1,1,5,10000,10000,1
656,sampling,101,2,0.027728035288552194,0.0832209587097168,-1,1,5,10000,10000,2
657,sampling,101,2,0.02959509496497792,0.08361601829528809,-1,1,5,10000,10000,3
658,sampling,101,2,0.03055237813066057,0.08394336700439453,-1,1,5,10000,10000,4
659,sampling,101,2,0.028428824390760075,0.08516573905944824,-1,1,5,10000,10000,5
660,sampling,161,2,0.019927004654794866,0.13265419006347656,-1,1,5,10000,10000,1
661,sampling,161,2,0.020937173237981256,0.13211703300476074,-1,1,5,10000,10000,2
662,sampling,161,2,0.020081129215701158,0.1316981315612793,-1,1,5,10000,10000,3
663,sampling,161,2,0.020909111035249978,0.13179254531860352,-1,1,5,10000,10000,4
664,sampling,161,2,0.02052320196906826,0.13327980041503906,-1,1,5,10000,10000,5
665,sampling,256,2,0.01218695996479064,0.22028326988220215,-1,1,5,10000,10000,1
666,sampling,256,2,0.015924371507449894,0.2165522575378418,-1,1,5,10000,10000,2
667,sampling,256,2,0.01175624112793112,0.21562910079956055,-1,1,5,10000,10000,3
668,sampling,256,2,0.013244867712028832,0.21632742881774902,-1,1,5,10000,10000,4
669,sampling,256,2,0.010739075833961652,0.2167186737060547,-1,1,5,10000,10000,5
670,sampling,406,2,0.007832225949592542,0.3349156379699707,-1,1,5,10000,10000,1
671,sampling,406,2,0.007855268664393329,0.33206820487976074,-1,1,5,10000,10000,2
672,sampling,406,2,0.008131396442208722,0.3300778865814209,-1,1,5,10000,10000,3
673,sampling,406,2,0.00817076045736114,0.3312411308288574,-1,1,5,10000,10000,4
674,sampling,406,2,0.0075031302636684345,0.3319735527038574,-1,1,5,10000,10000,5
675,sampling,645,2,0.005608914565523661,0.5959377288818359,-1,1,5,10000,10000,1
676,sampling,645,2,0.006188634989569262,0.6413524150848389,-1,1,5,10000,10000,2
677,sampling,645,2,0.006749951466963993,0.6379952430725098,-1,1,5,10000,10000,3
678,sampling,645,2,0.006097027885808204,0.6383206844329834,-1,1,5,10000,10000,4
679,sampling,645,2,0.006056398280917675,0.6486716270446777,-1,1,5,10000,10000,5
680,sampling,1024,2,0.004175806251959371,1.1392860412597656,-1,1,5,10000,10000,1
681,sampling,1024,2,0.004330056046383761,1.1330273151397705,-1,1,5,10000,10000,2
682,sampling,1024,2,0.0048142575891003524,1.1459410190582275,-1,1,5,10000,10000,3
683,sampling,1024,2,0.004531446106899751,1.138176441192627,-1,1,5,10000,10000,4
684,sampling,1024,2,0.0042499696562597515,1.1327588558197021,-1,1,5,10000,10000,5
685,sampling,1625,2,0.0031294810560115556,2.2804996967315674,-1,1,5,10000,10000,1
686,sampling,1625,2,0.003085741624847343,2.278289318084717,-1,1,5,10000,10000,2
687,sampling,1625,2,0.004300166726857501,2.2817370891571045,-1,1,5,10000,10000,3
688,sampling,1625,2,0.0032568920513683566,2.3005967140197754,-1,1,5,10000,10000,4
689,sampling,1625,2,0.003458685789709429,2.290548324584961,-1,1,5,10000,10000,5
690,sampling,2580,2,0.0026859508289209205,7.358623743057251,-1,1,5,10000,10000,1
691,sampling,2580,2,0.0026345207488242097,6.230251312255859,-1,1,5,10000,10000,2
692,sampling,2580,2,0.0031200164962205375,6.270093202590942,-1,1,5,10000,10000,3
693,sampling,2580,2,0.0025706236820998885,6.272875070571899,-1,1,5,10000,10000,4
694,sampling,2580,2,0.00295331380325482,6.284582138061523,-1,1,5,10000,10000,5
695,sampling,4096,2,0.0024194012114607715,20.094058752059937,-1,1,5,10000,10000,1
696,sampling,4096,2,0.0024198377932435618,20.122978687286377,-1,1,5,10000,10000,2
697,sampling,4096,2,0.002666514176420483,20.113881587982178,-1,1,5,10000,10000,3
698,sampling,4096,2,0.0024918815471199583,20.09414529800415,-1,1,5,10000,10000,4
699,sampling,4096,2,0.0025144136888677095,20.127570867538452,-1,1,5,10000,10000,5
700,sampling,64,3,0.071872729899176,0.06399321556091309,-1,1,5,10000,10000,1
701,sampling,64,3,0.06625831865197371,0.06262636184692383,-1,1,5,10000,10000,2
702,sampling,64,3,0.07584241204199903,0.07410550117492676,-1,1,5,10000,10000,3
703,sampling,64,3,0.06232897318687753,0.07399964332580566,-1,1,5,10000,10000,4
704,sampling,64,3,0.0739029744629705,0.07471823692321777,-1,1,5,10000,10000,5
705,sampling,101,3,0.040628066238184116,0.11754202842712402,-1,1,5,10000,10000,1
706,sampling,101,3,0.04827886231338736,0.11646008491516113,-1,1,5,10000,10000,2
707,sampling,101,3,0.04803547806051833,0.12024092674255371,-1,1,5,10000,10000,3
708,sampling,101,3,0.053223679412845094,0.11654281616210938,-1,1,5,10000,10000,4
709,sampling,101,3,0.05245910292595346,0.11740660667419434,-1,1,5,10000,10000,5
710,sampling,161,3,0.026702670859457985,0.18768978118896484,-1,1,5,10000,10000,1
711,sampling,161,3,0.028794199600466766,0.1887505054473877,-1,1,5,10000,10000,2
712,sampling,161,3,0.03143790747041327,0.18448877334594727,-1,1,5,10000,10000,3
713,sampling,161,3,0.029601137455871597,0.18450570106506348,-1,1,5,10000,10000,4
714,sampling,161,3,0.025480440732051458,0.18689990043640137,-1,1,5,10000,10000,5
715,sampling,256,3,0.01934189664817738,0.31633853912353516,-1,1,5,10000,10000,1
716,sampling,256,3,0.02035072639562241,0.30876874923706055,-1,1,5,10000,10000,2
717,sampling,256,3,0.02296231722548076,0.30631422996520996,-1,1,5,10000,10000,3
718,sampling,256,3,0.019926097486024374,0.3054392337799072,-1,1,5,10000,10000,4
719,sampling,256,3,0.0175113402075785,0.3093287944793701,-1,1,5,10000,10000,5
720,sampling,406,3,0.011912076787935644,0.48509669303894043,-1,1,5,10000,10000,1
721,sampling,406,3,0.013515179332188085,0.5008480548858643,-1,1,5,10000,10000,2
722,sampling,406,3,0.016049383776967994,0.4994497299194336,-1,1,5,10000,10000,3
723,sampling,406,3,0.013496680185624861,0.49652576446533203,-1,1,5,10000,10000,4
724,sampling,406,3,0.011984027912448009,0.5009431838989258,-1,1,5,10000,10000,5
725,sampling,645,3,0.009689452839198427,0.9026889801025391,-1,1,5,10000,10000,1
726,sampling,645,3,0.00917588665077306,0.8980112075805664,-1,1,5,10000,10000,2
727,sampling,645,3,0.010625914082764526,0.8980169296264648,-1,1,5,10000,10000,3
728,sampling,645,3,0.009343449299419326,0.898033857345581,-1,1,5,10000,10000,4
729,sampling,645,3,0.00814263463104291,0.8976490497589111,-1,1,5,10000,10000,5
730,sampling,1024,3,0.006362048504460114,1.545253038406372,-1,1,5,10000,10000,1
731,sampling,1024,3,0.006604009593239974,1.5453271865844727,-1,1,5,10000,10000,2
732,sampling,1024,3,0.007219699834052311,1.534616470336914,-1,1,5,10000,10000,3
733,sampling,1024,3,0.006111745971437003,1.5415518283843994,-1,1,5,10000,10000,4
734,sampling,1024,3,0.006368949332472867,1.5374841690063477,-1,1,5,10000,10000,5
735,sampling,1625,3,0.0051834735077175296,2.9271533489227295,-1,1,5,10000,10000,1
736,sampling,1625,3,0.005685162070453256,2.9426043033599854,-1,1,5,10000,10000,2
737,sampling,1625,3,0.00634455470660412,2.9437239170074463,-1,1,5,10000,10000,3
738,sampling,1625,3,0.005159409419647345,2.946002244949341,-1,1,5,10000,10000,4
739,sampling,1625,3,0.00508331110472217,2.9271931648254395,-1,1,5,10000,10000,5
740,sampling,2580,3,0.0035242122585217163,7.384742259979248,-1,1,5,10000,10000,1
741,sampling,2580,3,0.003841901966574793,7.3816237449646,-1,1,5,10000,10000,2
742,sampling,2580,3,0.003918352204153763,7.373016119003296,-1,1,5,10000,10000,3
743,sampling,2580,3,0.003404666103776206,7.341669797897339,-1,1,5,10000,10000,4
744,sampling,2580,3,0.003601907150215651,7.354095458984375,-1,1,5,10000,10000,5
745,sampling,4096,3,0.0022651029236965656,22.220906019210815,-1,1,5,10000,10000,1
746,sampling,4096,3,0.0023860119179717905,24.81522846221924,-1,1,5,10000,10000,2
747,sampling,4096,3,0.002342202621390271,22.134225368499756,-1,1,5,10000,10000,3
748,sampling,4096,3,0.002210550109102767,22.170520305633545,-1,1,5,10000,10000,4
749,sampling,4096,3,0.0021346553505440366,22.197742700576782,-1,1,5,10000,10000,5
750,sampling,64,1,0.061262647002275794,0.02305459976196289,-1,1,10,10000,10000,1
751,sampling,64,1,0.05943656919460082,0.022899389266967773,-1,1,10,10000,10000,2
752,sampling,64,1,0.05581385141609462,0.023331165313720703,-1,1,10,10000,10000,3
753,sampling,64,1,0.05732146558487025,0.023270368576049805,-1,1,10,10000,10000,4
754,sampling,64,1,0.06091672883393411,0.02351522445678711,-1,1,10,10000,10000,5
755,sampling,101,1,0.04852964970658911,0.038878440856933594,-1,1,10,10000,10000,1
756,sampling,101,1,0.04864062425120252,0.04224109649658203,-1,1,10,10000,10000,2
757,sampling,101,1,0.04194414348954156,0.04390668869018555,-1,1,10,10000,10000,3
758,sampling,101,1,0.04298370019860201,0.04353928565979004,-1,1,10,10000,10000,4
759,sampling,101,1,0.04853046822733924,0.04388737678527832,-1,1,10,10000,10000,5
760,sampling,161,1,0.02982555564752326,0.06986498832702637,-1,1,10,10000,10000,1
761,sampling,161,1,0.02982212632572164,0.06884431838989258,-1,1,10,10000,10000,2
762,sampling,161,1,0.028241794023733162,0.06976151466369629,-1,1,10,10000,10000,3
763,sampling,161,1,0.0318901955082377,0.06938290596008301,-1,1,10,10000,10000,4
764,sampling,161,1,0.03185838436132635,0.07003021240234375,-1,1,10,10000,10000,5
765,sampling,256,1,0.015781296284880984,0.11907458305358887,-1,1,10,10000,10000,1
766,sampling,256,1,0.014581294971192194,0.11726951599121094,-1,1,10,10000,10000,2
767,sampling,256,1,0.014911585026632302,0.11681294441223145,-1,1,10,10000,10000,3
768,sampling,256,1,0.016884256294604116,0.11681079864501953,-1,1,10,10000,10000,4
769,sampling,256,1,0.016154843204646083,0.11708617210388184,-1,1,10,10000,10000,5
770,sampling,406,1,0.012230662044591072,0.20637965202331543,-1,1,10,10000,10000,1
771,sampling,406,1,0.01219223101171743,0.20314645767211914,-1,1,10,10000,10000,2
772,sampling,406,1,0.012118136047975347,0.2027430534362793,-1,1,10,10000,10000,3
773,sampling,406,1,0.012085934853384927,0.20319843292236328,-1,1,10,10000,10000,4
774,sampling,406,1,0.012261826931116855,0.20347309112548828,-1,1,10,10000,10000,5
775,sampling,645,1,0.011852631604801815,0.3476073741912842,-1,1,10,10000,10000,1
776,sampling,645,1,0.011996590172424633,0.34401750564575195,-1,1,10,10000,10000,2
777,sampling,645,1,0.01189511538259022,0.34523677825927734,-1,1,10,10000,10000,3
778,sampling,645,1,0.011999306801818287,0.3445467948913574,-1,1,10,10000,10000,4
779,sampling,645,1,0.011946347522591225,0.3443896770477295,-1,1,10,10000,10000,5
780,sampling,1024,1,0.010887368434153265,0.7581608295440674,-1,1,10,10000,10000,1
781,sampling,1024,1,0.011490988519185216,0.7491400241851807,-1,1,10,10000,10000,2
782,sampling,1024,1,0.011231431081684813,0.7423684597015381,-1,1,10,10000,10000,3
783,sampling,1024,1,0.011377456280242537,0.7430863380432129,-1,1,10,10000,10000,4
784,sampling,1024,1,0.011124207395280625,0.7423350811004639,-1,1,10,10000,10000,5
785,sampling,1625,1,0.009347190823313603,1.6484510898590088,-1,1,10,10000,10000,1
786,sampling,1625,1,0.009394496027313473,1.6343929767608643,-1,1,10,10000,10000,2
787,sampling,1625,1,0.009468074758210343,1.654005527496338,-1,1,10,10000,10000,3
788,sampling,1625,1,0.009399825731087177,1.6265594959259033,-1,1,10,10000,10000,4
789,sampling,1625,1,0.009129584928429307,1.6272163391113281,-1,1,10,10000,10000,5
790,sampling,2580,1,0.006422565438235889,5.129030704498291,-1,1,10,10000,10000,1
791,sampling,2580,1,0.006482661877886161,5.133605718612671,-1,1,10,10000,10000,2
792,sampling,2580,1,0.006354717602653902,5.134090423583984,-1,1,10,10000,10000,3
793,sampling,2580,1,0.006350421818128665,5.136586427688599,-1,1,10,10000,10000,4
794,sampling,2580,1,0.006434033859642525,5.129685163497925,-1,1,10,10000,10000,5
795,sampling,4096,1,0.006281574241748959,17.7519109249115,-1,1,10,10000,10000,1
796,sampling,4096,1,0.0063473762009983135,17.762362241744995,-1,1,10,10000,10000,2
797,sampling,4096,1,0.006241211010785854,17.74513602256775,-1,1,10,10000,10000,3
798,sampling,4096,1,0.006248746778817468,17.75769829750061,-1,1,10,10000,10000,4
799,sampling,4096,1,0.00633911986279101,17.753522872924805,-1,1,10,10000,10000,5
800,sampling,64,2,0.06288147700154034,0.04189896583557129,-1,1,10,10000,10000,1
801,sampling,64,2,0.06154967555265336,0.04116249084472656,-1,1,10,10000,10000,2
802,sampling,64,2,0.06025850748802446,0.04272627830505371,-1,1,10,10000,10000,3
803,sampling,64,2,0.06096340315733297,0.048200130462646484,-1,1,10,10000,10000,4
804,sampling,64,2,0.06285731462822289,0.049726009368896484,-1,1,10,10000,10000,5
805,sampling,101,2,0.04784739186601182,0.07752037048339844,-1,1,10,10000,10000,1
806,sampling,101,2,0.05091767617184303,0.0764625072479248,-1,1,10,10000,10000,2
807,sampling,101,2,0.043639182434440656,0.07708883285522461,-1,1,10,10000,10000,3
808,sampling,101,2,0.04770488478923317,0.07716107368469238,-1,1,10,10000,10000,4
809,sampling,101,2,0.04563774410585541,0.07709145545959473,-1,1,10,10000,10000,5
810,sampling,161,2,0.02156698276761888,0.12470746040344238,-1,1,10,10000,10000,1
811,sampling,161,2,0.021022448278544797,0.12188386917114258,-1,1,10,10000,10000,2
812,sampling,161,2,0.022112140956944238,0.1219019889831543,-1,1,10,10000,10000,3
813,sampling,161,2,0.021128174473652093,0.12226295471191406,-1,1,10,10000,10000,4
814,sampling,161,2,0.02113251980764643,0.12277626991271973,-1,1,10,10000,10000,5
815,sampling,256,2,0.015946351531061186,0.20241260528564453,-1,1,10,10000,10000,1
816,sampling,256,2,0.016008264086790184,0.20187640190124512,-1,1,10,10000,10000,2
817,sampling,256,2,0.01597147794365165,0.20194792747497559,-1,1,10,10000,10000,3
818,sampling,256,2,0.015861409429721036,0.20314955711364746,-1,1,10,10000,10000,4
819,sampling,256,2,0.01584768453464622,0.2022266387939453,-1,1,10,10000,10000,5
820,sampling,406,2,0.012647982360107916,0.33148717880249023,-1,1,10,10000,10000,1
821,sampling,406,2,0.012909413487199444,0.3556504249572754,-1,1,10,10000,10000,2
822,sampling,406,2,0.012214496191860054,0.3209047317504883,-1,1,10,10000,10000,3
823,sampling,406,2,0.012003247563604037,0.3210322856903076,-1,1,10,10000,10000,4
824,sampling,406,2,0.012835851542475754,0.34111523628234863,-1,1,10,10000,10000,5
825,sampling,645,2,0.010356465817683354,0.5786397457122803,-1,1,10,10000,10000,1
826,sampling,645,2,0.010320569879294826,0.627234697341919,-1,1,10,10000,10000,2
827,sampling,645,2,0.010345827618578178,0.6234955787658691,-1,1,10,10000,10000,3
828,sampling,645,2,0.010358081931780816,0.6233203411102295,-1,1,10,10000,10000,4
829,sampling,645,2,0.010689068912904696,0.6276793479919434,-1,1,10,10000,10000,5
830,sampling,1024,2,0.00821241628063395,1.1119847297668457,-1,1,10,10000,10000,1
831,sampling,1024,2,0.008621820868836299,1.1032977104187012,-1,1,10,10000,10000,2
832,sampling,1024,2,0.008341863457445722,1.10520601272583,-1,1,10,10000,10000,3
833,sampling,1024,2,0.008692985337923802,1.107635736465454,-1,1,10,10000,10000,4
834,sampling,1024,2,0.008507151597676853,1.104628562927246,-1,1,10,10000,10000,5
835,sampling,1625,2,0.005676410571173844,2.2505624294281006,-1,1,10,10000,10000,1
836,sampling,1625,2,0.00583295081986097,2.2148571014404297,-1,1,10,10000,10000,2
837,sampling,1625,2,0.0054640959590213185,2.2340569496154785,-1,1,10,10000,10000,3
838,sampling,1625,2,0.005919471148214173,2.2218639850616455,-1,1,10,10000,10000,4
839,sampling,1625,2,0.00604531377054081,2.2308449745178223,-1,1,10,10000,10000,5
840,sampling,2580,2,0.00477163547206144,6.1710216999053955,-1,1,10,10000,10000,1
841,sampling,2580,2,0.0047903790504143,6.19476842880249,-1,1,10,10000,10000,2
842,sampling,2580,2,0.00478331377495348,6.194453477859497,-1,1,10,10000,10000,3
843,sampling,2580,2,0.004743678107670895,6.196855545043945,-1,1,10,10000,10000,4
844,sampling,2580,2,0.004849582174845591,6.1887688636779785,-1,1,10,10000,10000,5
845,sampling,4096,2,0.005500500109948983,19.894434928894043,-1,1,10,10000,10000,1
846,sampling,4096,2,0.005764260108057656,19.976384162902832,-1,1,10,10000,10000,2
847,sampling,4096,2,0.005353642125761001,20.002437591552734,-1,1,10,10000,10000,3
848,sampling,4096,2,0.005472955471358628,19.994937896728516,-1,1,10,10000,10000,4
849,sampling,4096,2,0.005452429060111563,20.041537523269653,-1,1,10,10000,10000,5
850,sampling,64,3,0.0695102219311599,0.06476736068725586,-1,1,10,10000,10000,1
851,sampling,64,3,0.0717231082539013,0.06508445739746094,-1,1,10,10000,10000,2
852,sampling,64,3,0.07375272912151172,0.07667231559753418,-1,1,10,10000,10000,3
853,sampling,64,3,0.07522692413549412,0.07660913467407227,-1,1,10,10000,10000,4
854,sampling,64,3,0.07161875960059037,0.07606983184814453,-1,1,10,10000,10000,5
855,sampling,101,3,0.06280333727024974,0.1204521656036377,-1,1,10,10000,10000,1
856,sampling,101,3,0.060384136882480406,0.11873006820678711,-1,1,10,10000,10000,2
857,sampling,101,3,0.0647353037425208,0.12334275245666504,-1,1,10,10000,10000,3
858,sampling,101,3,0.06160386717447548,0.12080597877502441,-1,1,10,10000,10000,4
859,sampling,101,3,0.066714638298731,0.12271475791931152,-1,1,10,10000,10000,5
860,sampling,161,3,0.05497912149381239,0.19118046760559082,-1,1,10,10000,10000,1
861,sampling,161,3,0.05240297469894529,0.19075918197631836,-1,1,10,10000,10000,2
862,sampling,161,3,0.05278119993396712,0.1916043758392334,-1,1,10,10000,10000,3
863,sampling,161,3,0.05285543176778835,0.19127869606018066,-1,1,10,10000,10000,4
864,sampling,161,3,0.051786667241698316,0.1926860809326172,-1,1,10,10000,10000,5
865,sampling,256,3,0.03965557999176137,0.3136098384857178,-1,1,10,10000,10000,1
866,sampling,256,3,0.040183427302252224,0.3055121898651123,-1,1,10,10000,10000,2
867,sampling,256,3,0.033348182125559005,0.3076210021972656,-1,1,10,10000,10000,3
868,sampling,256,3,0.041384261853719295,0.30539631843566895,-1,1,10,10000,10000,4
869,sampling,256,3,0.038032433941082376,0.30727148056030273,-1,1,10,10000,10000,5
870,sampling,406,3,0.027616462335366767,0.47776198387145996,-1,1,10,10000,10000,1
871,sampling,406,3,0.020344085604748166,0.49050235748291016,-1,1,10,10000,10000,2
872,sampling,406,3,0.021013161245736205,0.4898533821105957,-1,1,10,10000,10000,3
873,sampling,406,3,0.023092147134695415,0.4923572540283203,-1,1,10,10000,10000,4
874,sampling,406,3,0.027861050182429223,0.49262452125549316,-1,1,10,10000,10000,5
875,sampling,645,3,0.015991285789093063,0.879030704498291,-1,1,10,10000,10000,1
876,sampling,645,3,0.014965891746570663,0.8762111663818359,-1,1,10,10000,10000,2
877,sampling,645,3,0.016066219685799816,0.8763453960418701,-1,1,10,10000,10000,3
878,sampling,645,3,0.018317243803300423,0.875901460647583,-1,1,10,10000,10000,4
879,sampling,645,3,0.018017342070099415,0.8806414604187012,-1,1,10,10000,10000,5
880,sampling,1024,3,0.015022844878132333,1.5028111934661865,-1,1,10,10000,10000,1
881,sampling,1024,3,0.011796616651437173,1.5184986591339111,-1,1,10,10000,10000,2
882,sampling,1024,3,0.01420806316552661,1.5001273155212402,-1,1,10,10000,10000,3
883,sampling,1024,3,0.01153846309022648,1.5274381637573242,-1,1,10,10000,10000,4
884,sampling,1024,3,0.012884005496321491,1.5003716945648193,-1,1,10,10000,10000,5
885,sampling,1625,3,0.007478641085715321,2.8546087741851807,-1,1,10,10000,10000,1
886,sampling,1625,3,0.00779881508657933,2.8706841468811035,-1,1,10,10000,10000,2
887,sampling,1625,3,0.006394076918662429,2.847795248031616,-1,1,10,10000,10000,3
888,sampling,1625,3,0.008938233600421881,2.8602094650268555,-1,1,10,10000,10000,4
889,sampling,1625,3,0.009467100193177999,2.859351396560669,-1,1,10,10000,10000,5
890,sampling,2580,3,0.005662002961466764,7.304352283477783,-1,1,10,10000,10000,1
891,sampling,2580,3,0.005471463602382439,7.278824806213379,-1,1,10,10000,10000,2
892,sampling,2580,3,0.0056691947230984195,7.27418851852417,-1,1,10,10000,10000,3
893,sampling,2580,3,0.006139448804640677,7.282559394836426,-1,1,10,10000,10000,4
894,sampling,2580,3,0.006190151226983088,7.282744407653809,-1,1,10,10000,10000,5
895,sampling,4096,3,0.005177166428652765,22.04966425895691,-1,1,10,10000,10000,1
896,sampling,4096,3,0.005051032903005231,22.038556814193726,-1,1,10,10000,10000,2
897,sampling,4096,3,0.005184682937493906,22.155670166015625,-1,1,10,10000,10000,3
898,sampling,4096,3,0.0054225155635522675,22.041502952575684,-1,1,10,10000,10000,4
899,sampling,4096,3,0.005655413994994154,22.06399178504944,-1,1,10,10000,10000,5
