,model_type,n_width,n_layers,l2_relative,time_fit,xlim_min,xlim_max,n_dim,n_points_train,n_points_test
0,sampling,64,1,3.952349586236764e-09,0.04930877685546875,-1,1,1,10000,10000
1,sampling,79,1,7.801948051189837e-10,0.022081613540649414,-1,1,1,10000,10000
2,sampling,99,1,1.9496154292295977e-10,0.029845237731933594,-1,1,1,10000,10000
3,sampling,123,1,2.9211163805734416e-10,0.04029989242553711,-1,1,1,10000,10000
4,sampling,153,1,8.034828204444375e-10,0.05116677284240723,-1,1,1,10000,10000
5,sampling,191,1,1.0345229344378652e-09,0.06407594680786133,-1,1,1,10000,10000
6,sampling,237,1,6.522640730014493e-10,0.07733869552612305,-1,1,1,10000,10000
7,sampling,296,1,3.831076570516759e-10,0.10014057159423828,-1,1,1,10000,10000
8,sampling,368,1,3.870908061929176e-10,0.1304924488067627,-1,1,1,10000,10000
9,sampling,458,1,1.1506748022297286e-10,0.17396187782287598,-1,1,1,10000,10000
10,sampling,571,1,2.2457454300855106e-10,0.23519372940063477,-1,1,1,10000,10000
11,sampling,710,1,1.073106393487012e-10,0.31618738174438477,-1,1,1,10000,10000
12,sampling,884,1,2.5507060950233377e-11,0.4315297603607178,-1,1,1,10000,10000
13,sampling,1101,1,3.560571132814595e-11,0.6056594848632812,-1,1,1,10000,10000
14,sampling,1371,1,9.030195019785335e-11,0.8929023742675781,-1,1,1,10000,10000
15,sampling,1706,1,1.089621939840742e-10,1.4561166763305664,-1,1,1,10000,10000
16,sampling,2124,1,6.80081765269323e-11,2.5878210067749023,-1,1,1,10000,10000
17,sampling,2643,1,7.76199270142284e-11,4.837874412536621,-1,1,1,10000,10000
18,sampling,3290,1,3.518362484716352e-11,9.048015356063843,-1,1,1,10000,10000
19,sampling,4096,1,1.3671269569360027e-10,17.763445615768433,-1,1,1,10000,10000
20,sampling,64,2,0.13628437521999037,0.023533105850219727,-1,1,1,10000,10000
21,sampling,79,2,0.022448312734268824,0.03146982192993164,-1,1,1,10000,10000
22,sampling,99,2,0.00014739375221925827,0.042192697525024414,-1,1,1,10000,10000
23,sampling,123,2,3.7512901158948295e-05,0.054439544677734375,-1,1,1,10000,10000
24,sampling,153,2,4.4511642663584006e-05,0.06824588775634766,-1,1,1,10000,10000
25,sampling,191,2,1.492797739510572e-05,0.08649277687072754,-1,1,1,10000,10000
26,sampling,237,2,1.1241831904304607e-05,0.11418867111206055,-1,1,1,10000,10000
27,sampling,296,2,8.352951884311488e-06,0.15430569648742676,-1,1,1,10000,10000
28,sampling,368,2,4.591681746521791e-06,0.24454522132873535,-1,1,1,10000,10000
29,sampling,458,2,4.116298737202993e-06,0.27976274490356445,-1,1,1,10000,10000
30,sampling,571,2,2.7530134645524695e-06,0.4387991428375244,-1,1,1,10000,10000
31,sampling,710,2,2.53873039913836e-06,0.5574946403503418,-1,1,1,10000,10000
32,sampling,884,2,3.265832080791359e-06,0.7423763275146484,-1,1,1,10000,10000
33,sampling,1101,2,1.2977048999134443e-06,1.0025203227996826,-1,1,1,10000,10000
34,sampling,1371,2,1.114591236962643e-06,1.4121062755584717,-1,1,1,10000,10000
35,sampling,1706,2,3.9951108779644246e-07,2.10917592048645,-1,1,1,10000,10000
36,sampling,2124,2,4.6043594174326993e-07,3.5014281272888184,-1,1,1,10000,10000
37,sampling,2643,2,2.128569950832137e-07,6.058957576751709,-1,1,1,10000,10000
38,sampling,3290,2,1.0286871815518744e-07,10.668682336807251,-1,1,1,10000,10000
39,sampling,4096,2,4.112703412283179e-08,19.088786363601685,-1,1,1,10000,10000
40,sampling,64,3,0.6187387630230556,0.03036355972290039,-1,1,1,10000,10000
41,sampling,79,3,0.5264875446049057,0.042600154876708984,-1,1,1,10000,10000
42,sampling,99,3,0.07644462718057876,0.058413028717041016,-1,1,1,10000,10000
43,sampling,123,3,0.20451852952109426,0.07526898384094238,-1,1,1,10000,10000
44,sampling,153,3,0.1380245376417477,0.10215163230895996,-1,1,1,10000,10000
45,sampling,191,3,0.055435339848045204,0.12622976303100586,-1,1,1,10000,10000
46,sampling,237,3,0.024549708692952286,0.16531062126159668,-1,1,1,10000,10000
47,sampling,296,3,0.0031540399282913474,0.20540452003479004,-1,1,1,10000,10000
48,sampling,368,3,0.002197762742716704,0.2733588218688965,-1,1,1,10000,10000
49,sampling,458,3,0.000598507574278249,0.42579102516174316,-1,1,1,10000,10000
50,sampling,571,3,0.00021687595663948445,0.5493850708007812,-1,1,1,10000,10000
51,sampling,710,3,0.00012470611357873865,0.7662351131439209,-1,1,1,10000,10000
52,sampling,884,3,1.080062568490357e-05,1.0103085041046143,-1,1,1,10000,10000
53,sampling,1101,3,5.300484591889678e-06,1.3275961875915527,-1,1,1,10000,10000
54,sampling,1371,3,2.304641025600592e-06,1.8628795146942139,-1,1,1,10000,10000
55,sampling,1706,3,1.6358368976636677e-06,2.705723524093628,-1,1,1,10000,10000
56,sampling,2124,3,9.581115982366154e-07,4.274842023849487,-1,1,1,10000,10000
57,sampling,2643,3,7.840740690411192e-07,7.091145038604736,-1,1,1,10000,10000
58,sampling,3290,3,3.389132067872985e-07,12.060256958007812,-1,1,1,10000,10000
59,sampling,4096,3,1.8468028170263153e-07,21.242345094680786,-1,1,1,10000,10000
60,sampling,64,1,0.01408008749672375,0.018599987030029297,-1,1,2,10000,10000
61,sampling,79,1,0.013753599150238887,0.020630359649658203,-1,1,2,10000,10000
62,sampling,99,1,0.013393037154054788,0.02622842788696289,-1,1,2,10000,10000
63,sampling,123,1,0.013051441046073253,0.03512001037597656,-1,1,2,10000,10000
64,sampling,153,1,0.01009352965893144,0.04433131217956543,-1,1,2,10000,10000
65,sampling,191,1,0.009088530516599184,0.05913519859313965,-1,1,2,10000,10000
66,sampling,237,1,0.007499738564179854,0.07401251792907715,-1,1,2,10000,10000
67,sampling,296,1,0.007234191638625834,0.10766243934631348,-1,1,2,10000,10000
68,sampling,368,1,0.006950926193695262,0.13682317733764648,-1,1,2,10000,10000
69,sampling,458,1,0.006364977490512331,0.20121502876281738,-1,1,2,10000,10000
70,sampling,571,1,0.006118837574770512,0.29967451095581055,-1,1,2,10000,10000
71,sampling,710,1,0.004547562455140244,0.39592957496643066,-1,1,2,10000,10000
72,sampling,884,1,0.0042589587827504775,0.5337204933166504,-1,1,2,10000,10000
73,sampling,1101,1,0.0039533283597646554,0.7454178333282471,-1,1,2,10000,10000
74,sampling,1371,1,0.0034665037922099722,1.0622062683105469,-1,1,2,10000,10000
75,sampling,1706,1,0.0029104114395094097,1.6849346160888672,-1,1,2,10000,10000
76,sampling,2124,1,0.002368486256409348,2.873223066329956,-1,1,2,10000,10000
77,sampling,2643,1,0.0014733472385334875,5.218250513076782,-1,1,2,10000,10000
78,sampling,3290,1,0.0009004355870658015,9.494325160980225,-1,1,2,10000,10000
79,sampling,4096,1,0.0005250701730850623,17.37087082862854,-1,1,2,10000,10000
80,sampling,64,2,0.15515981098066203,0.023194313049316406,-1,1,2,10000,10000
81,sampling,79,2,0.10946043424502447,0.033335208892822266,-1,1,2,10000,10000
82,sampling,99,2,0.1382425312176785,0.041970014572143555,-1,1,2,10000,10000
83,sampling,123,2,0.04534471382453196,0.05341148376464844,-1,1,2,10000,10000
84,sampling,153,2,0.014326464270556165,0.06923723220825195,-1,1,2,10000,10000
85,sampling,191,2,0.008842523110003636,0.08808398246765137,-1,1,2,10000,10000
86,sampling,237,2,0.006101178899677354,0.11082196235656738,-1,1,2,10000,10000
87,sampling,296,2,0.0058455686842981535,0.14994263648986816,-1,1,2,10000,10000
88,sampling,368,2,0.004214507013881955,0.2069246768951416,-1,1,2,10000,10000
89,sampling,458,2,0.003586273358051568,0.3785061836242676,-1,1,2,10000,10000
90,sampling,571,2,0.002681064963945697,0.48108673095703125,-1,1,2,10000,10000
91,sampling,710,2,0.002684301901450252,0.6261522769927979,-1,1,2,10000,10000
92,sampling,884,2,0.0022735423542020175,0.8298895359039307,-1,1,2,10000,10000
93,sampling,1101,2,0.0018879159013538132,1.0892069339752197,-1,1,2,10000,10000
94,sampling,1371,2,0.00203161614774934,1.5147175788879395,-1,1,2,10000,10000
95,sampling,1706,2,0.001556275995140644,2.273104429244995,-1,1,2,10000,10000
96,sampling,2124,2,0.0013725313788968516,3.672156572341919,-1,1,2,10000,10000
97,sampling,2643,2,0.0007971207062767095,6.278989553451538,-1,1,2,10000,10000
98,sampling,3290,2,0.0003811666213027527,10.930898904800415,-1,1,2,10000,10000
99,sampling,4096,2,0.0002925818133991373,19.42101812362671,-1,1,2,10000,10000
100,sampling,64,3,0.04328774031950235,0.030860185623168945,-1,1,2,10000,10000
101,sampling,79,3,0.02434890846555981,0.04989027976989746,-1,1,2,10000,10000
102,sampling,99,3,0.0353527365845647,0.05909276008605957,-1,1,2,10000,10000
103,sampling,123,3,0.009417802137788601,0.07668232917785645,-1,1,2,10000,10000
104,sampling,153,3,0.00784445176389302,0.09564924240112305,-1,1,2,10000,10000
105,sampling,191,3,0.006234143057803091,0.12255454063415527,-1,1,2,10000,10000
106,sampling,237,3,0.006398440917566711,0.154022216796875,-1,1,2,10000,10000
107,sampling,296,3,0.005113915642668352,0.217759370803833,-1,1,2,10000,10000
108,sampling,368,3,0.004214930532774809,0.27730751037597656,-1,1,2,10000,10000
109,sampling,458,3,0.0031945539838525265,0.4460792541503906,-1,1,2,10000,10000
110,sampling,571,3,0.002617574202026081,0.5766422748565674,-1,1,2,10000,10000
111,sampling,710,3,0.0018467280948385849,0.737835168838501,-1,1,2,10000,10000
112,sampling,884,3,0.0017019024088382306,1.1033215522766113,-1,1,2,10000,10000
113,sampling,1101,3,0.0017377972232166883,1.433284044265747,-1,1,2,10000,10000
114,sampling,1371,3,0.0015797432184906815,1.9668960571289062,-1,1,2,10000,10000
115,sampling,1706,3,0.0012553729985223328,2.8103127479553223,-1,1,2,10000,10000
116,sampling,2124,3,0.0009617980728120406,4.433257341384888,-1,1,2,10000,10000
117,sampling,2643,3,0.0009632087283195077,7.299432039260864,-1,1,2,10000,10000
118,sampling,3290,3,0.000712273907976949,12.305805444717407,-1,1,2,10000,10000
119,sampling,4096,3,0.00048352510047982645,21.420165300369263,-1,1,2,10000,10000
120,sampling,64,1,0.022824830046437,0.014847517013549805,-1,1,3,10000,10000
121,sampling,79,1,0.019379269580541654,0.02032470703125,-1,1,3,10000,10000
122,sampling,99,1,0.01489910837173147,0.0265653133392334,-1,1,3,10000,10000
123,sampling,123,1,0.012797268584098031,0.03380894660949707,-1,1,3,10000,10000
124,sampling,153,1,0.010949953357628618,0.04263162612915039,-1,1,3,10000,10000
125,sampling,191,1,0.009046935465724657,0.057385921478271484,-1,1,3,10000,10000
126,sampling,237,1,0.00706255081961351,0.07215309143066406,-1,1,3,10000,10000
127,sampling,296,1,0.005887998975277762,0.09435701370239258,-1,1,3,10000,10000
128,sampling,368,1,0.005481175448961735,0.12985706329345703,-1,1,3,10000,10000
129,sampling,458,1,0.0046882290611753264,0.1921675205230713,-1,1,3,10000,10000
130,sampling,571,1,0.004210184675423422,0.2728118896484375,-1,1,3,10000,10000
131,sampling,710,1,0.003732762043690198,0.33680129051208496,-1,1,3,10000,10000
132,sampling,884,1,0.0031537412324980194,0.5385556221008301,-1,1,3,10000,10000
133,sampling,1101,1,0.0028528277187566285,0.7596540451049805,-1,1,3,10000,10000
134,sampling,1371,1,0.0025090027708195117,1.0877079963684082,-1,1,3,10000,10000
135,sampling,1706,1,0.0021307354014356325,1.7302260398864746,-1,1,3,10000,10000
136,sampling,2124,1,0.0017437696685899521,2.952544689178467,-1,1,3,10000,10000
137,sampling,2643,1,0.0014795908392003887,5.308401107788086,-1,1,3,10000,10000
138,sampling,3290,1,0.0011550333593823108,9.570924043655396,-1,1,3,10000,10000
139,sampling,4096,1,0.000906451278727008,17.445062398910522,-1,1,3,10000,10000
140,sampling,64,2,0.05721635566245496,0.0229184627532959,-1,1,3,10000,10000
141,sampling,79,2,0.0469073476212752,0.0313413143157959,-1,1,3,10000,10000
142,sampling,99,2,0.04156573567716753,0.04354286193847656,-1,1,3,10000,10000
143,sampling,123,2,0.02803456118779824,0.05585050582885742,-1,1,3,10000,10000
144,sampling,153,2,0.023928389512837926,0.07010078430175781,-1,1,3,10000,10000
145,sampling,191,2,0.018707469521536416,0.08885955810546875,-1,1,3,10000,10000
146,sampling,237,2,0.013348651084027644,0.11491131782531738,-1,1,3,10000,10000
147,sampling,296,2,0.01052367778727156,0.1483755111694336,-1,1,3,10000,10000
148,sampling,368,2,0.008613563109354428,0.2128751277923584,-1,1,3,10000,10000
149,sampling,458,2,0.007157523243666656,0.34286069869995117,-1,1,3,10000,10000
150,sampling,571,2,0.005655894488186883,0.46161603927612305,-1,1,3,10000,10000
151,sampling,710,2,0.0045417440406858405,0.6411421298980713,-1,1,3,10000,10000
152,sampling,884,2,0.0039052442345778437,0.8241846561431885,-1,1,3,10000,10000
153,sampling,1101,2,0.0032745593114490543,1.1159486770629883,-1,1,3,10000,10000
154,sampling,1371,2,0.002716104799891505,1.5378053188323975,-1,1,3,10000,10000
155,sampling,1706,2,0.0023000863548993753,2.288477659225464,-1,1,3,10000,10000
156,sampling,2124,2,0.001799724299783371,3.699005126953125,-1,1,3,10000,10000
157,sampling,2643,2,0.0013016370128466623,6.327815771102905,-1,1,3,10000,10000
158,sampling,3290,2,0.0008075547510501069,11.0010404586792,-1,1,3,10000,10000
159,sampling,4096,2,0.0006153093887271065,19.515608549118042,-1,1,3,10000,10000
160,sampling,64,3,0.0675696871142123,0.0316157341003418,-1,1,3,10000,10000
161,sampling,79,3,0.06828487226209165,0.0466761589050293,-1,1,3,10000,10000
162,sampling,99,3,0.05163336425345331,0.06052064895629883,-1,1,3,10000,10000
163,sampling,123,3,0.04635525041835017,0.07762336730957031,-1,1,3,10000,10000
164,sampling,153,3,0.029150039604301247,0.09514713287353516,-1,1,3,10000,10000
165,sampling,191,3,0.02312383145403614,0.12056088447570801,-1,1,3,10000,10000
166,sampling,237,3,0.017477625945230835,0.16117191314697266,-1,1,3,10000,10000
167,sampling,296,3,0.012715416875399083,0.21479511260986328,-1,1,3,10000,10000
168,sampling,368,3,0.009439398824179757,0.2688634395599365,-1,1,3,10000,10000
169,sampling,458,3,0.006764001312345599,0.4359757900238037,-1,1,3,10000,10000
170,sampling,571,3,0.005722431048906258,0.5407824516296387,-1,1,3,10000,10000
171,sampling,710,3,0.004370449559147654,0.7111060619354248,-1,1,3,10000,10000
172,sampling,884,3,0.0038570508367959306,0.9559998512268066,-1,1,3,10000,10000
173,sampling,1101,3,0.0033835704701133448,1.256171703338623,-1,1,3,10000,10000
174,sampling,1371,3,0.0027533142924114976,1.9710931777954102,-1,1,3,10000,10000
175,sampling,1706,3,0.0026325926559806825,2.854567766189575,-1,1,3,10000,10000
176,sampling,2124,3,0.0026827583463459054,4.477060079574585,-1,1,3,10000,10000
177,sampling,2643,3,0.0024363931516357203,7.311388254165649,-1,1,3,10000,10000
178,sampling,3290,3,0.0015595163255271596,12.35565733909607,-1,1,3,10000,10000
179,sampling,4096,3,0.00117121958369369,21.52975368499756,-1,1,3,10000,10000
180,sampling,64,1,0.025107349746861834,0.015014171600341797,-1,1,4,10000,10000
181,sampling,79,1,0.02108816418606328,0.020026206970214844,-1,1,4,10000,10000
182,sampling,99,1,0.01878679066013222,0.02648019790649414,-1,1,4,10000,10000
183,sampling,123,1,0.01634877965093166,0.03408336639404297,-1,1,4,10000,10000
184,sampling,153,1,0.013612551205644056,0.0439295768737793,-1,1,4,10000,10000
185,sampling,191,1,0.011671744013424029,0.05665707588195801,-1,1,4,10000,10000
186,sampling,237,1,0.009916328174927377,0.0702669620513916,-1,1,4,10000,10000
187,sampling,296,1,0.008147095658052541,0.0953371524810791,-1,1,4,10000,10000
188,sampling,368,1,0.00708891279436521,0.1285717487335205,-1,1,4,10000,10000
189,sampling,458,1,0.0059561181704253785,0.20003175735473633,-1,1,4,10000,10000
190,sampling,571,1,0.00528425242702406,0.27469730377197266,-1,1,4,10000,10000
191,sampling,710,1,0.004385714544109103,0.34859466552734375,-1,1,4,10000,10000
192,sampling,884,1,0.003697582229556303,0.4837491512298584,-1,1,4,10000,10000
193,sampling,1101,1,0.0031474486070631035,0.6856646537780762,-1,1,4,10000,10000
194,sampling,1371,1,0.0027155099225182923,1.1335220336914062,-1,1,4,10000,10000
195,sampling,1706,1,0.0027655153357391063,1.7411952018737793,-1,1,4,10000,10000
196,sampling,2124,1,0.0026560654933251797,3.02760648727417,-1,1,4,10000,10000
197,sampling,2643,1,0.0028064968608645414,5.373061656951904,-1,1,4,10000,10000
198,sampling,3290,1,0.0018470352941382568,9.705511569976807,-1,1,4,10000,10000
199,sampling,4096,1,0.0015283258993274368,17.63877582550049,-1,1,4,10000,10000
200,sampling,64,2,0.07014632003497698,0.02346944808959961,-1,1,4,10000,10000
201,sampling,79,2,0.06496236346225293,0.03291940689086914,-1,1,4,10000,10000
202,sampling,99,2,0.05572869860550277,0.042221784591674805,-1,1,4,10000,10000
203,sampling,123,2,0.048464386516851025,0.05593228340148926,-1,1,4,10000,10000
204,sampling,153,2,0.030843309746005763,0.07036590576171875,-1,1,4,10000,10000
205,sampling,191,2,0.0235948710987058,0.09030032157897949,-1,1,4,10000,10000
206,sampling,237,2,0.018761651746202455,0.1159830093383789,-1,1,4,10000,10000
207,sampling,296,2,0.01624441620359602,0.1499006748199463,-1,1,4,10000,10000
208,sampling,368,2,0.011518663712432362,0.20656394958496094,-1,1,4,10000,10000
209,sampling,458,2,0.00957668791913339,0.34560227394104004,-1,1,4,10000,10000
210,sampling,571,2,0.006670972331224925,0.48635149002075195,-1,1,4,10000,10000
211,sampling,710,2,0.005889142927277512,0.6293923854827881,-1,1,4,10000,10000
212,sampling,884,2,0.004789711952870926,0.8408441543579102,-1,1,4,10000,10000
213,sampling,1101,2,0.004097982609542356,1.1094391345977783,-1,1,4,10000,10000
214,sampling,1371,2,0.003642978949785866,1.5692036151885986,-1,1,4,10000,10000
215,sampling,1706,2,0.002701371345619117,2.3153200149536133,-1,1,4,10000,10000
216,sampling,2124,2,0.002106801174432552,3.74648380279541,-1,1,4,10000,10000
217,sampling,2643,2,0.001725520875017357,6.3458571434021,-1,1,4,10000,10000
218,sampling,3290,2,0.0015585386583527993,11.063590049743652,-1,1,4,10000,10000
219,sampling,4096,2,0.0011587850320311408,19.58438491821289,-1,1,4,10000,10000
220,sampling,64,3,0.08341438367606799,0.0319371223449707,-1,1,4,10000,10000
221,sampling,79,3,0.07316342386114151,0.045365095138549805,-1,1,4,10000,10000
222,sampling,99,3,0.05775562426706858,0.06013011932373047,-1,1,4,10000,10000
223,sampling,123,3,0.05790832007933725,0.07719016075134277,-1,1,4,10000,10000
224,sampling,153,3,0.04505166745319907,0.09563779830932617,-1,1,4,10000,10000
225,sampling,191,3,0.03621738867080078,0.12208676338195801,-1,1,4,10000,10000
226,sampling,237,3,0.0304754880236868,0.1620335578918457,-1,1,4,10000,10000
227,sampling,296,3,0.020863832391343415,0.22053909301757812,-1,1,4,10000,10000
228,sampling,368,3,0.015524990944657431,0.29063892364501953,-1,1,4,10000,10000
229,sampling,458,3,0.011702236449031397,0.37604498863220215,-1,1,4,10000,10000
230,sampling,571,3,0.009735415969558054,0.5645725727081299,-1,1,4,10000,10000
231,sampling,710,3,0.008387528899681833,0.7356526851654053,-1,1,4,10000,10000
232,sampling,884,3,0.006643593964979593,0.9468181133270264,-1,1,4,10000,10000
233,sampling,1101,3,0.006036281529048242,1.2854833602905273,-1,1,4,10000,10000
234,sampling,1371,3,0.0054612121014385555,1.989950180053711,-1,1,4,10000,10000
235,sampling,1706,3,0.00486818045350308,2.8796746730804443,-1,1,4,10000,10000
236,sampling,2124,3,0.003721588663385408,4.4976091384887695,-1,1,4,10000,10000
237,sampling,2643,3,0.0032881795531250675,7.392810583114624,-1,1,4,10000,10000
238,sampling,3290,3,0.0027939247396073035,12.429774284362793,-1,1,4,10000,10000
239,sampling,4096,3,0.0016393564953547854,21.649301052093506,-1,1,4,10000,10000
240,sampling,64,1,0.03161282519328076,0.015013694763183594,-1,1,5,10000,10000
241,sampling,79,1,0.029264037836238797,0.020327091217041016,-1,1,5,10000,10000
242,sampling,99,1,0.023998902431564436,0.02605295181274414,-1,1,5,10000,10000
243,sampling,123,1,0.022672710133427424,0.035141944885253906,-1,1,5,10000,10000
244,sampling,153,1,0.018011972610659774,0.043776512145996094,-1,1,5,10000,10000
245,sampling,191,1,0.01585881253149073,0.05701279640197754,-1,1,5,10000,10000
246,sampling,237,1,0.013805555660998186,0.07456660270690918,-1,1,5,10000,10000
247,sampling,296,1,0.011418968791302714,0.1007835865020752,-1,1,5,10000,10000
248,sampling,368,1,0.009664306785680856,0.1322159767150879,-1,1,5,10000,10000
249,sampling,458,1,0.008356298814999547,0.18806767463684082,-1,1,5,10000,10000
250,sampling,571,1,0.006898992326448255,0.28100132942199707,-1,1,5,10000,10000
251,sampling,710,1,0.005881019323333168,0.3463752269744873,-1,1,5,10000,10000
252,sampling,884,1,0.005025987812060891,0.5561294555664062,-1,1,5,10000,10000
253,sampling,1101,1,0.004513460796816717,0.7663261890411377,-1,1,5,10000,10000
254,sampling,1371,1,0.003798654661765453,1.1301794052124023,-1,1,5,10000,10000
255,sampling,1706,1,0.0032992470919464456,1.7577598094940186,-1,1,5,10000,10000
256,sampling,2124,1,0.0028808570662602288,2.9802939891815186,-1,1,5,10000,10000
257,sampling,2643,1,0.002710435681993008,5.3928468227386475,-1,1,5,10000,10000
258,sampling,3290,1,0.0026996557967767605,9.690268993377686,-1,1,5,10000,10000
259,sampling,4096,1,0.002974232110955373,17.72121548652649,-1,1,5,10000,10000
260,sampling,64,2,0.07763733217556273,0.022907733917236328,-1,1,5,10000,10000
261,sampling,79,2,0.0682557594275839,0.03367972373962402,-1,1,5,10000,10000
262,sampling,99,2,0.06634695167952462,0.04166865348815918,-1,1,5,10000,10000
263,sampling,123,2,0.04420045914883522,0.052964210510253906,-1,1,5,10000,10000
264,sampling,153,2,0.0289652534337908,0.06714153289794922,-1,1,5,10000,10000
265,sampling,191,2,0.027059456767338744,0.08492255210876465,-1,1,5,10000,10000
266,sampling,237,2,0.02169559543655634,0.10911154747009277,-1,1,5,10000,10000
267,sampling,296,2,0.01912931822318883,0.1444864273071289,-1,1,5,10000,10000
268,sampling,368,2,0.015411893009464965,0.19932103157043457,-1,1,5,10000,10000
269,sampling,458,2,0.012310772544184249,0.3405647277832031,-1,1,5,10000,10000
270,sampling,571,2,0.010764645488578483,0.42021942138671875,-1,1,5,10000,10000
271,sampling,710,2,0.008622171991659081,0.5489110946655273,-1,1,5,10000,10000
272,sampling,884,2,0.007212079326505928,0.7568988800048828,-1,1,5,10000,10000
273,sampling,1101,2,0.006124781913919118,1.1096041202545166,-1,1,5,10000,10000
274,sampling,1371,2,0.00494092520579338,1.552783489227295,-1,1,5,10000,10000
275,sampling,1706,2,0.0044216076544452716,2.2873640060424805,-1,1,5,10000,10000
276,sampling,2124,2,0.0034641520908327175,3.7150871753692627,-1,1,5,10000,10000
277,sampling,2643,2,0.002885524783863616,6.3726794719696045,-1,1,5,10000,10000
278,sampling,3290,2,0.0022783084423838923,11.087071180343628,-1,1,5,10000,10000
279,sampling,4096,2,0.0020600986043401016,19.576236724853516,-1,1,5,10000,10000
280,sampling,64,3,0.0830359993912179,0.031508684158325195,-1,1,5,10000,10000
281,sampling,79,3,0.07882506960963555,0.05018043518066406,-1,1,5,10000,10000
282,sampling,99,3,0.07057302704792863,0.06030583381652832,-1,1,5,10000,10000
283,sampling,123,3,0.06029397946537684,0.07466816902160645,-1,1,5,10000,10000
284,sampling,153,3,0.05151496935369948,0.0944972038269043,-1,1,5,10000,10000
285,sampling,191,3,0.050124619218968186,0.12480854988098145,-1,1,5,10000,10000
286,sampling,237,3,0.04325886106046953,0.15360569953918457,-1,1,5,10000,10000
287,sampling,296,3,0.032624586239603806,0.22066736221313477,-1,1,5,10000,10000
288,sampling,368,3,0.027326947125433876,0.26105165481567383,-1,1,5,10000,10000
289,sampling,458,3,0.020428853316360678,0.428727388381958,-1,1,5,10000,10000
290,sampling,571,3,0.016687741221736066,0.5432925224304199,-1,1,5,10000,10000
291,sampling,710,3,0.013539315809731126,0.7023992538452148,-1,1,5,10000,10000
292,sampling,884,3,0.010825353387220363,1.1031403541564941,-1,1,5,10000,10000
293,sampling,1101,3,0.010406458083199227,1.4391694068908691,-1,1,5,10000,10000
294,sampling,1371,3,0.009329521593875812,1.9719955921173096,-1,1,5,10000,10000
295,sampling,1706,3,0.007313676245031801,2.8750452995300293,-1,1,5,10000,10000
296,sampling,2124,3,0.00624763211463806,4.485952138900757,-1,1,5,10000,10000
297,sampling,2643,3,0.0049729866560495875,7.35775089263916,-1,1,5,10000,10000
298,sampling,3290,3,0.003602598671107773,12.457671403884888,-1,1,5,10000,10000
299,sampling,4096,3,0.002658823654300674,22.26909065246582,-1,1,5,10000,10000
300,sampling,64,1,0.05922645477262658,0.015254020690917969,-1,1,10,10000,10000
301,sampling,79,1,0.05517804657676844,0.020444393157958984,-1,1,10,10000,10000
302,sampling,99,1,0.0465462308035422,0.02643752098083496,-1,1,10,10000,10000
303,sampling,123,1,0.0423804208282974,0.03524184226989746,-1,1,10,10000,10000
304,sampling,153,1,0.037160701292858006,0.044052839279174805,-1,1,10,10000,10000
305,sampling,191,1,0.02845453948607004,0.05676770210266113,-1,1,10,10000,10000
306,sampling,237,1,0.022463569800355618,0.07313203811645508,-1,1,10,10000,10000
307,sampling,296,1,0.015867391299163834,0.1002650260925293,-1,1,10,10000,10000
308,sampling,368,1,0.013458389124430233,0.1331324577331543,-1,1,10,10000,10000
309,sampling,458,1,0.012429741318045633,0.1813344955444336,-1,1,10,10000,10000
310,sampling,571,1,0.011867871594829245,0.2802565097808838,-1,1,10,10000,10000
311,sampling,710,1,0.011465733911417877,0.35013842582702637,-1,1,10,10000,10000
312,sampling,884,1,0.010627698526330682,0.49016404151916504,-1,1,10,10000,10000
313,sampling,1101,1,0.010382761758761974,0.7022249698638916,-1,1,10,10000,10000
314,sampling,1371,1,0.009467437561249402,1.147629737854004,-1,1,10,10000,10000
315,sampling,1706,1,0.008780193459010922,1.7401046752929688,-1,1,10,10000,10000
316,sampling,2124,1,0.007593957735432155,2.998532295227051,-1,1,10,10000,10000
317,sampling,2643,1,0.0066378358960106345,5.374812841415405,-1,1,10,10000,10000
318,sampling,3290,1,0.005910226917156286,9.731059789657593,-1,1,10,10000,10000
319,sampling,4096,1,0.0060054808754572845,17.674356937408447,-1,1,10,10000,10000
320,sampling,64,2,0.06286725052133721,0.02323627471923828,-1,1,10,10000,10000
321,sampling,79,2,0.05883194733982717,0.03192400932312012,-1,1,10,10000,10000
322,sampling,99,2,0.056044622736181444,0.044173240661621094,-1,1,10,10000,10000
323,sampling,123,2,0.047452651472475134,0.05355024337768555,-1,1,10,10000,10000
324,sampling,153,2,0.03601906813584761,0.06869888305664062,-1,1,10,10000,10000
325,sampling,191,2,0.028113058132299598,0.08830642700195312,-1,1,10,10000,10000
326,sampling,237,2,0.023420167807000965,0.11305880546569824,-1,1,10,10000,10000
327,sampling,296,2,0.020530213622424045,0.1495370864868164,-1,1,10,10000,10000
328,sampling,368,2,0.018786858185474032,0.19787001609802246,-1,1,10,10000,10000
329,sampling,458,2,0.01640249469672474,0.2644784450531006,-1,1,10,10000,10000
330,sampling,571,2,0.013107373611410428,0.3849213123321533,-1,1,10,10000,10000
331,sampling,710,2,0.012048438867282359,0.6308860778808594,-1,1,10,10000,10000
332,sampling,884,2,0.011143548504261117,0.8417868614196777,-1,1,10,10000,10000
333,sampling,1101,2,0.010066499063959816,1.1196725368499756,-1,1,10,10000,10000
334,sampling,1371,2,0.008754178585223598,1.5274641513824463,-1,1,10,10000,10000
335,sampling,1706,2,0.0072788949468846,2.296029567718506,-1,1,10,10000,10000
336,sampling,2124,2,0.006212883679533569,3.726534605026245,-1,1,10,10000,10000
337,sampling,2643,2,0.005527032745305266,6.365288257598877,-1,1,10,10000,10000
338,sampling,3290,2,0.00509919257082823,11.088663339614868,-1,1,10,10000,10000
339,sampling,4096,2,0.0051316409983584044,19.63383913040161,-1,1,10,10000,10000
340,sampling,64,3,0.06752387819548836,0.032456159591674805,-1,1,10,10000,10000
341,sampling,79,3,0.06663132819738662,0.04510784149169922,-1,1,10,10000,10000
342,sampling,99,3,0.06470790300439234,0.05940580368041992,-1,1,10,10000,10000
343,sampling,123,3,0.06361802116826944,0.07461142539978027,-1,1,10,10000,10000
344,sampling,153,3,0.06127529313240738,0.09843325614929199,-1,1,10,10000,10000
345,sampling,191,3,0.05639517674368694,0.12603139877319336,-1,1,10,10000,10000
346,sampling,237,3,0.04632318984788491,0.16037464141845703,-1,1,10,10000,10000
347,sampling,296,3,0.04008279240070359,0.21917009353637695,-1,1,10,10000,10000
348,sampling,368,3,0.03125211714421017,0.24541735649108887,-1,1,10,10000,10000
349,sampling,458,3,0.025432263510001708,0.40067577362060547,-1,1,10,10000,10000
350,sampling,571,3,0.01800024191727539,0.6447646617889404,-1,1,10,10000,10000
351,sampling,710,3,0.015382957349292294,0.8364121913909912,-1,1,10,10000,10000
352,sampling,884,3,0.013363063117458558,1.1075992584228516,-1,1,10,10000,10000
353,sampling,1101,3,0.011312235941060617,1.44622802734375,-1,1,10,10000,10000
354,sampling,1371,3,0.009875744705874448,1.9973843097686768,-1,1,10,10000,10000
355,sampling,1706,3,0.009272015450082924,2.85295033454895,-1,1,10,10000,10000
356,sampling,2124,3,0.008339740520097888,4.468982696533203,-1,1,10,10000,10000
357,sampling,2643,3,0.007471930398531006,7.355381727218628,-1,1,10,10000,10000
358,sampling,3290,3,0.006643295041152106,12.46722674369812,-1,1,10,10000,10000
359,sampling,4096,3,0.005199440221924143,21.60386848449707,-1,1,10,10000,10000
