seed,train_mae,train_rmse,train_inference_time_secs,test_mae,test_rmse,test_inference_time_secs,fit_time_secs
0,0.10987199697906597,0.13206542746332298,0.4710765409981832,0.0603965391408939,0.08338002430571669,0.6895807090040762,1.4581554169999436
1,0.10160717351893049,0.11898785167343283,0.3687417499895673,0.038038575504855114,0.05182072847858387,0.667981584003428,1.5891732499876525
2,0.10039325675309514,0.11711814670399331,0.3769386669737287,0.03024212458037075,0.042060054626983576,0.7370632090023719,1.7240630830056034
3,0.10855759472875,0.13005184333068745,0.3544225829828065,0.053221888040937505,0.07738293081265779,0.7200069170212373,1.3067372090008575
4,0.10151002381125734,0.11935078471512998,0.3660448339942377,0.03841287713796379,0.05204438341535953,0.7037567910156213,1.3054185410146601
5,0.11184220976976562,0.13637392626582098,0.37516300001880154,0.06274094381066407,0.08545577057755967,0.7283196659991518,1.2067052090133075
6,0.10168755148154256,0.11962431169272499,0.3698311659973115,0.037053685797646264,0.049724656505001595,0.6857835419941694,1.4850475839921273
7,0.1044816204674647,0.12455031178736499,0.3725538339931518,0.04501074295484762,0.06178849438331339,0.6084564999910071,1.3863742919929791
8,0.10285908237352541,0.12195108351702018,0.362253667000914,0.04246186629800414,0.05671324446962879,0.718084332998842,1.2417080840095878
9,0.10998383338978429,0.13284761057018482,0.3414341669995338,0.057469160698541896,0.08063003692257094,0.6621805409959052,1.3811784999852534
10,0.09992077831649415,0.11620080958271486,0.36701716599054635,0.029068267893867187,0.03778946976626056,0.7656808330211788,1.2312995829852298
11,0.10003835474018258,0.11681222914983476,0.33111512500909157,0.029543587360299797,0.039992674225154984,0.7296857500041369,1.3739504169789143
12,0.10154041205112262,0.11948983438423737,0.39049354099552147,0.03814252428278638,0.051651142320873304,0.6657320829981472,1.4403765000170097
13,0.1032421836699358,0.12210159582715595,0.35263337500509806,0.041789262514968326,0.05401452302056226,0.6750087079999503,1.3355973750003614
14,0.10687973385999999,0.12793831088843483,0.2866217920091003,0.04987675707,0.0661404073993492,0.6851978340127971,1.2135360419924837
15,0.09920842517767824,0.11557197717065289,0.3198417090170551,0.02818127922928452,0.038511727420209245,0.6764453340147156,1.2954535000026226
16,0.09957547979211795,0.11612314855339725,0.38727204099996015,0.03035314778696684,0.04116667930624591,0.7278297500160988,1.298519166011829
17,0.09915766145891552,0.11539419932206522,0.37744199999724515,0.026119628570520376,0.034960340945726635,0.6921581670176238,1.372712499985937
18,0.10026320883305168,0.11743902193416607,0.3555482499941718,0.031297150318805714,0.0422930982982678,0.6245649159827735,1.3234324580116663
19,0.10042376735911963,0.11714480486615009,0.3655525829817634,0.03027469938840931,0.03948669216691081,0.7267814999795519,1.2479117499897256
20,0.10069459645107807,0.11800325866352512,0.36180783397867344,0.034398019343533155,0.046915169335500766,0.7502842500107363,1.2551207079959568
21,0.1081920133751139,0.1300256535259934,0.3935049579886254,0.05183305983967777,0.07028102447193459,0.6630944999924395,1.3915677909972146
22,0.10041206610065563,0.11746032214659945,0.38693383301142603,0.03101657323601414,0.04169084868473473,0.678469916980248,1.4003159169806167
23,0.10566473125204029,0.12604116002834187,0.36767020798288286,0.044528381250206535,0.0627078714460731,0.6055726670019794,1.3133222500036936
24,0.09973182617793931,0.11612316722077913,0.33579662500415,0.029391620656098353,0.04115843503557638,0.7807417910080403,1.2902313329977915
25,0.10039831574078989,0.11741265645408537,0.4132464999856893,0.031030021589614806,0.04170569870732361,0.6988525000051595,1.2500942499900702
26,0.09932051767422119,0.11597823342399315,0.34051433301647194,0.03130935591506501,0.042673804572966614,0.7271858749736566,1.3869747499993537
27,0.10200187220041823,0.11977662292919723,0.39104854097240604,0.03718514239456406,0.05068602044734769,0.7248171249812003,1.2441046250169165
28,0.0992255083719873,0.11622964975060154,0.3239410000096541,0.031053583031854248,0.04198178669255897,0.7236099999863654,1.3358702920086216
29,0.10150457726887946,0.1188170025978958,0.4122984170098789,0.03329650235431809,0.04460901129881821,0.6636186670220923,1.2375895000004675
30,0.09914737566,0.11536015629703535,0.36971091700252146,0.025123879449999997,0.03357642719786848,0.7644395000243094,1.3642383749829605
31,0.09937373104768885,0.11555772144886714,0.34614612499717623,0.02540989020852405,0.03404085001294409,0.6969125420146156,1.3989440419827588
32,0.099401710158837,0.11584503003905017,0.3295322500052862,0.027749395704691336,0.037838710259230426,0.7141185420041438,1.3447937080054544
33,0.10154894368433767,0.11937685118615586,0.3596632920089178,0.036582349044627184,0.05164920602363714,0.7406852500280365,1.304362625000067
34,0.11011461066,0.13302462937313825,0.5325499169994146,0.06238332737999999,0.08408684246583267,0.907813833997352,1.337621582992142
35,0.09842063529403319,0.11432873014407031,0.40778195901657455,0.023462332885783692,0.03217239286196831,0.673822625016328,1.2490507920156233
36,0.10672946190062499,0.12738014901378056,0.37809479198767804,0.049163810904687494,0.06797548354954432,0.6652900420012884,1.353050459001679
37,0.11153319694460415,0.1348968284321894,0.3862319580221083,0.05985654839412156,0.08016256223844634,0.6253413750091568,1.3009865840140264
38,0.09976993495256772,0.11694909867603823,0.37524649998522364,0.03308384429371256,0.045118814832372844,0.6826944159984123,1.1734047910140362
39,0.1033271533079527,0.12165912541568015,0.32249470899114385,0.03962562721183385,0.05577799886198929,0.6868922499998007,1.2626564999809489
40,0.09893338007372295,0.11484010391857039,0.40217866699094884,0.02442148481752344,0.03369224388531344,0.6745088330062572,1.3029593329993077
41,0.10251660257900522,0.12065380219872866,0.34592737501952797,0.03788457100487326,0.050374411784362014,0.7722566669981461,1.3665014160214923
42,0.10682077752250002,0.127951457876988,0.3372981660068035,0.04943536291125,0.07096830111321863,0.7342219580023084,1.3229865829925984
43,0.1036054963736356,0.12226956277609155,0.3414922079828102,0.042826061110462846,0.05922633788256544,0.7107557090057526,1.322262417001184
44,0.10265815616250147,0.12093331675833824,0.4312811249983497,0.03644397380007373,0.048858637394672416,0.6813267079996876,1.2582578749861568
45,0.10364708157755817,0.1219368379734038,0.37504137499490753,0.040501793895941,0.05471103667482976,0.7497933330014348,1.3891926249780226
46,0.10227560715144561,0.1204020660693016,0.37299575001816265,0.037890669695435614,0.05087706530025591,0.7000351249880623,1.3600589999987278
47,0.10620203036164653,0.12692785705403853,0.31877058299141936,0.04786433103608823,0.06486255746658649,0.6701975830073934,1.4307599170133471
48,0.09976564453476355,0.11588832050078027,0.3804967080068309,0.026661570594577348,0.03694917796762565,1.1017953749978915,1.380931125022471
49,0.1071819154475,0.1281689638930349,0.3338331669801846,0.0500053831190625,0.06783442047511859,0.6882584580162074,1.569672375015216
